filename,fold_number,leaked_ids__uid
0dbcde71e93671d4aae5cf18ea71a4865b367a51d72fb6cd79b7dbb96ad50166_1.pklz,1,2405865449d078420a023c2a1141ea5b1e53eaefe38fb7dcd9dd222d01c23041
0dbcde71e93671d4aae5cf18ea71a4865b367a51d72fb6cd79b7dbb96ad50166_1.pklz,1,abdcbff6487d33281734fbf3a20d63ff6095c0404a4e727962153cf6156239a2
0dbcde71e93671d4aae5cf18ea71a4865b367a51d72fb6cd79b7dbb96ad50166_1.pklz,2,093dc08b812390386d5d6d89d6b8014e1c0fcfdaf9128091a90b5ef5fd7b3797
0dbcde71e93671d4aae5cf18ea71a4865b367a51d72fb6cd79b7dbb96ad50166_1.pklz,2,4514ce86d5b8f143b025d4e1dfbcc9ef1a972e40f979eb6a189ca225c2e80e68
0dbcde71e93671d4aae5cf18ea71a4865b367a51d72fb6cd79b7dbb96ad50166_1.pklz,3,09d66c60e317be46448f8a1deca8aaa4393ce92f8fc41bbb5eecb8f940d9466e
0dbcde71e93671d4aae5cf18ea71a4865b367a51d72fb6cd79b7dbb96ad50166_1.pklz,3,acaf3e5c057dac402e2f2bf6439e08e32c7e85950f0875dd623cfdae4f8ffc7b
0dbcde71e93671d4aae5cf18ea71a4865b367a51d72fb6cd79b7dbb96ad50166_1.pklz,4,2405865449d078420a023c2a1141ea5b1e53eaefe38fb7dcd9dd222d01c23041
0dbcde71e93671d4aae5cf18ea71a4865b367a51d72fb6cd79b7dbb96ad50166_1.pklz,5,4514ce86d5b8f143b025d4e1dfbcc9ef1a972e40f979eb6a189ca225c2e80e68
0dbcde71e93671d4aae5cf18ea71a4865b367a51d72fb6cd79b7dbb96ad50166_1.pklz,5,d168a7354790e5b8e8f472ab55185c404bb0c14109ca61a8c07be52a513d09f6
0dbcde71e93671d4aae5cf18ea71a4865b367a51d72fb6cd79b7dbb96ad50166_1.pklz,6,09d66c60e317be46448f8a1deca8aaa4393ce92f8fc41bbb5eecb8f940d9466e
0dbcde71e93671d4aae5cf18ea71a4865b367a51d72fb6cd79b7dbb96ad50166_1.pklz,7,acaf3e5c057dac402e2f2bf6439e08e32c7e85950f0875dd623cfdae4f8ffc7b
0dbcde71e93671d4aae5cf18ea71a4865b367a51d72fb6cd79b7dbb96ad50166_1.pklz,8,abdcbff6487d33281734fbf3a20d63ff6095c0404a4e727962153cf6156239a2
0dbcde71e93671d4aae5cf18ea71a4865b367a51d72fb6cd79b7dbb96ad50166_1.pklz,9,d168a7354790e5b8e8f472ab55185c404bb0c14109ca61a8c07be52a513d09f6
0dbcde71e93671d4aae5cf18ea71a4865b367a51d72fb6cd79b7dbb96ad50166_1.pklz,10,093dc08b812390386d5d6d89d6b8014e1c0fcfdaf9128091a90b5ef5fd7b3797
0dbcde71e93671d4aae5cf18ea71a4865b367a51d72fb6cd79b7dbb96ad50166_2.pklz,1,2405865449d078420a023c2a1141ea5b1e53eaefe38fb7dcd9dd222d01c23041
0dbcde71e93671d4aae5cf18ea71a4865b367a51d72fb6cd79b7dbb96ad50166_2.pklz,1,4514ce86d5b8f143b025d4e1dfbcc9ef1a972e40f979eb6a189ca225c2e80e68
0dbcde71e93671d4aae5cf18ea71a4865b367a51d72fb6cd79b7dbb96ad50166_2.pklz,1,d168a7354790e5b8e8f472ab55185c404bb0c14109ca61a8c07be52a513d09f6
0dbcde71e93671d4aae5cf18ea71a4865b367a51d72fb6cd79b7dbb96ad50166_2.pklz,2,093dc08b812390386d5d6d89d6b8014e1c0fcfdaf9128091a90b5ef5fd7b3797
0dbcde71e93671d4aae5cf18ea71a4865b367a51d72fb6cd79b7dbb96ad50166_2.pklz,2,1f64f48102b92f7ce8727aea81f4ffad692205c32a4164a69c0a711c2019b104
0dbcde71e93671d4aae5cf18ea71a4865b367a51d72fb6cd79b7dbb96ad50166_2.pklz,3,09d66c60e317be46448f8a1deca8aaa4393ce92f8fc41bbb5eecb8f940d9466e
0dbcde71e93671d4aae5cf18ea71a4865b367a51d72fb6cd79b7dbb96ad50166_2.pklz,3,acaf3e5c057dac402e2f2bf6439e08e32c7e85950f0875dd623cfdae4f8ffc7b
0dbcde71e93671d4aae5cf18ea71a4865b367a51d72fb6cd79b7dbb96ad50166_2.pklz,4,1f64f48102b92f7ce8727aea81f4ffad692205c32a4164a69c0a711c2019b104
0dbcde71e93671d4aae5cf18ea71a4865b367a51d72fb6cd79b7dbb96ad50166_2.pklz,4,acaf3e5c057dac402e2f2bf6439e08e32c7e85950f0875dd623cfdae4f8ffc7b
0dbcde71e93671d4aae5cf18ea71a4865b367a51d72fb6cd79b7dbb96ad50166_2.pklz,5,4514ce86d5b8f143b025d4e1dfbcc9ef1a972e40f979eb6a189ca225c2e80e68
0dbcde71e93671d4aae5cf18ea71a4865b367a51d72fb6cd79b7dbb96ad50166_2.pklz,6,093dc08b812390386d5d6d89d6b8014e1c0fcfdaf9128091a90b5ef5fd7b3797
0dbcde71e93671d4aae5cf18ea71a4865b367a51d72fb6cd79b7dbb96ad50166_2.pklz,6,2405865449d078420a023c2a1141ea5b1e53eaefe38fb7dcd9dd222d01c23041
0dbcde71e93671d4aae5cf18ea71a4865b367a51d72fb6cd79b7dbb96ad50166_2.pklz,6,d168a7354790e5b8e8f472ab55185c404bb0c14109ca61a8c07be52a513d09f6
0dbcde71e93671d4aae5cf18ea71a4865b367a51d72fb6cd79b7dbb96ad50166_2.pklz,8,09d66c60e317be46448f8a1deca8aaa4393ce92f8fc41bbb5eecb8f940d9466e
4b4470169562b84140f14b27047c16209c6b40bde5bd74ba9bc2afd10d6be580_1.pklz,1,4514ce86d5b8f143b025d4e1dfbcc9ef1a972e40f979eb6a189ca225c2e80e68
4b4470169562b84140f14b27047c16209c6b40bde5bd74ba9bc2afd10d6be580_1.pklz,1,abdcbff6487d33281734fbf3a20d63ff6095c0404a4e727962153cf6156239a2
4b4470169562b84140f14b27047c16209c6b40bde5bd74ba9bc2afd10d6be580_1.pklz,2,2405865449d078420a023c2a1141ea5b1e53eaefe38fb7dcd9dd222d01c23041
4b4470169562b84140f14b27047c16209c6b40bde5bd74ba9bc2afd10d6be580_1.pklz,3,093dc08b812390386d5d6d89d6b8014e1c0fcfdaf9128091a90b5ef5fd7b3797
4b4470169562b84140f14b27047c16209c6b40bde5bd74ba9bc2afd10d6be580_1.pklz,4,2405865449d078420a023c2a1141ea5b1e53eaefe38fb7dcd9dd222d01c23041
4b4470169562b84140f14b27047c16209c6b40bde5bd74ba9bc2afd10d6be580_1.pklz,4,abdcbff6487d33281734fbf3a20d63ff6095c0404a4e727962153cf6156239a2
4b4470169562b84140f14b27047c16209c6b40bde5bd74ba9bc2afd10d6be580_1.pklz,5,acaf3e5c057dac402e2f2bf6439e08e32c7e85950f0875dd623cfdae4f8ffc7b
4b4470169562b84140f14b27047c16209c6b40bde5bd74ba9bc2afd10d6be580_1.pklz,6,1f64f48102b92f7ce8727aea81f4ffad692205c32a4164a69c0a711c2019b104
4b4470169562b84140f14b27047c16209c6b40bde5bd74ba9bc2afd10d6be580_1.pklz,6,d168a7354790e5b8e8f472ab55185c404bb0c14109ca61a8c07be52a513d09f6
4b4470169562b84140f14b27047c16209c6b40bde5bd74ba9bc2afd10d6be580_1.pklz,7,093dc08b812390386d5d6d89d6b8014e1c0fcfdaf9128091a90b5ef5fd7b3797
4b4470169562b84140f14b27047c16209c6b40bde5bd74ba9bc2afd10d6be580_1.pklz,7,4514ce86d5b8f143b025d4e1dfbcc9ef1a972e40f979eb6a189ca225c2e80e68
4b4470169562b84140f14b27047c16209c6b40bde5bd74ba9bc2afd10d6be580_1.pklz,10,1f64f48102b92f7ce8727aea81f4ffad692205c32a4164a69c0a711c2019b104
4b4470169562b84140f14b27047c16209c6b40bde5bd74ba9bc2afd10d6be580_1.pklz,10,acaf3e5c057dac402e2f2bf6439e08e32c7e85950f0875dd623cfdae4f8ffc7b
4b4470169562b84140f14b27047c16209c6b40bde5bd74ba9bc2afd10d6be580_1.pklz,10,d168a7354790e5b8e8f472ab55185c404bb0c14109ca61a8c07be52a513d09f6
4b4470169562b84140f14b27047c16209c6b40bde5bd74ba9bc2afd10d6be580_2.pklz,1,2405865449d078420a023c2a1141ea5b1e53eaefe38fb7dcd9dd222d01c23041
4b4470169562b84140f14b27047c16209c6b40bde5bd74ba9bc2afd10d6be580_2.pklz,2,09d66c60e317be46448f8a1deca8aaa4393ce92f8fc41bbb5eecb8f940d9466e
4b4470169562b84140f14b27047c16209c6b40bde5bd74ba9bc2afd10d6be580_2.pklz,2,1f64f48102b92f7ce8727aea81f4ffad692205c32a4164a69c0a711c2019b104
4b4470169562b84140f14b27047c16209c6b40bde5bd74ba9bc2afd10d6be580_2.pklz,2,4514ce86d5b8f143b025d4e1dfbcc9ef1a972e40f979eb6a189ca225c2e80e68
4b4470169562b84140f14b27047c16209c6b40bde5bd74ba9bc2afd10d6be580_2.pklz,3,acaf3e5c057dac402e2f2bf6439e08e32c7e85950f0875dd623cfdae4f8ffc7b
4b4470169562b84140f14b27047c16209c6b40bde5bd74ba9bc2afd10d6be580_2.pklz,4,abdcbff6487d33281734fbf3a20d63ff6095c0404a4e727962153cf6156239a2
4b4470169562b84140f14b27047c16209c6b40bde5bd74ba9bc2afd10d6be580_2.pklz,4,d168a7354790e5b8e8f472ab55185c404bb0c14109ca61a8c07be52a513d09f6
4b4470169562b84140f14b27047c16209c6b40bde5bd74ba9bc2afd10d6be580_2.pklz,5,093dc08b812390386d5d6d89d6b8014e1c0fcfdaf9128091a90b5ef5fd7b3797
4b4470169562b84140f14b27047c16209c6b40bde5bd74ba9bc2afd10d6be580_2.pklz,5,acaf3e5c057dac402e2f2bf6439e08e32c7e85950f0875dd623cfdae4f8ffc7b
4b4470169562b84140f14b27047c16209c6b40bde5bd74ba9bc2afd10d6be580_2.pklz,6,093dc08b812390386d5d6d89d6b8014e1c0fcfdaf9128091a90b5ef5fd7b3797
4b4470169562b84140f14b27047c16209c6b40bde5bd74ba9bc2afd10d6be580_2.pklz,6,abdcbff6487d33281734fbf3a20d63ff6095c0404a4e727962153cf6156239a2
4b4470169562b84140f14b27047c16209c6b40bde5bd74ba9bc2afd10d6be580_2.pklz,7,2405865449d078420a023c2a1141ea5b1e53eaefe38fb7dcd9dd222d01c23041
4b4470169562b84140f14b27047c16209c6b40bde5bd74ba9bc2afd10d6be580_2.pklz,8,1f64f48102b92f7ce8727aea81f4ffad692205c32a4164a69c0a711c2019b104
4b4470169562b84140f14b27047c16209c6b40bde5bd74ba9bc2afd10d6be580_2.pklz,8,4514ce86d5b8f143b025d4e1dfbcc9ef1a972e40f979eb6a189ca225c2e80e68
4b4470169562b84140f14b27047c16209c6b40bde5bd74ba9bc2afd10d6be580_2.pklz,9,09d66c60e317be46448f8a1deca8aaa4393ce92f8fc41bbb5eecb8f940d9466e
4b4470169562b84140f14b27047c16209c6b40bde5bd74ba9bc2afd10d6be580_2.pklz,10,d168a7354790e5b8e8f472ab55185c404bb0c14109ca61a8c07be52a513d09f6
562b16f5775cffcf08c9c39d043604b84424744cf0a47cf46938be80666c6dfa_1.pklz,1,09d66c60e317be46448f8a1deca8aaa4393ce92f8fc41bbb5eecb8f940d9466e
562b16f5775cffcf08c9c39d043604b84424744cf0a47cf46938be80666c6dfa_1.pklz,2,093dc08b812390386d5d6d89d6b8014e1c0fcfdaf9128091a90b5ef5fd7b3797
562b16f5775cffcf08c9c39d043604b84424744cf0a47cf46938be80666c6dfa_1.pklz,2,2405865449d078420a023c2a1141ea5b1e53eaefe38fb7dcd9dd222d01c23041
562b16f5775cffcf08c9c39d043604b84424744cf0a47cf46938be80666c6dfa_1.pklz,3,09d66c60e317be46448f8a1deca8aaa4393ce92f8fc41bbb5eecb8f940d9466e
562b16f5775cffcf08c9c39d043604b84424744cf0a47cf46938be80666c6dfa_1.pklz,4,1f64f48102b92f7ce8727aea81f4ffad692205c32a4164a69c0a711c2019b104
562b16f5775cffcf08c9c39d043604b84424744cf0a47cf46938be80666c6dfa_1.pklz,6,4514ce86d5b8f143b025d4e1dfbcc9ef1a972e40f979eb6a189ca225c2e80e68
562b16f5775cffcf08c9c39d043604b84424744cf0a47cf46938be80666c6dfa_1.pklz,6,d168a7354790e5b8e8f472ab55185c404bb0c14109ca61a8c07be52a513d09f6
562b16f5775cffcf08c9c39d043604b84424744cf0a47cf46938be80666c6dfa_1.pklz,7,093dc08b812390386d5d6d89d6b8014e1c0fcfdaf9128091a90b5ef5fd7b3797
562b16f5775cffcf08c9c39d043604b84424744cf0a47cf46938be80666c6dfa_1.pklz,7,abdcbff6487d33281734fbf3a20d63ff6095c0404a4e727962153cf6156239a2
562b16f5775cffcf08c9c39d043604b84424744cf0a47cf46938be80666c6dfa_1.pklz,8,4514ce86d5b8f143b025d4e1dfbcc9ef1a972e40f979eb6a189ca225c2e80e68
562b16f5775cffcf08c9c39d043604b84424744cf0a47cf46938be80666c6dfa_1.pklz,9,1f64f48102b92f7ce8727aea81f4ffad692205c32a4164a69c0a711c2019b104
562b16f5775cffcf08c9c39d043604b84424744cf0a47cf46938be80666c6dfa_1.pklz,9,d168a7354790e5b8e8f472ab55185c404bb0c14109ca61a8c07be52a513d09f6
562b16f5775cffcf08c9c39d043604b84424744cf0a47cf46938be80666c6dfa_1.pklz,10,2405865449d078420a023c2a1141ea5b1e53eaefe38fb7dcd9dd222d01c23041
562b16f5775cffcf08c9c39d043604b84424744cf0a47cf46938be80666c6dfa_1.pklz,10,abdcbff6487d33281734fbf3a20d63ff6095c0404a4e727962153cf6156239a2
562b16f5775cffcf08c9c39d043604b84424744cf0a47cf46938be80666c6dfa_2.pklz,1,09d66c60e317be46448f8a1deca8aaa4393ce92f8fc41bbb5eecb8f940d9466e
562b16f5775cffcf08c9c39d043604b84424744cf0a47cf46938be80666c6dfa_2.pklz,2,4514ce86d5b8f143b025d4e1dfbcc9ef1a972e40f979eb6a189ca225c2e80e68
562b16f5775cffcf08c9c39d043604b84424744cf0a47cf46938be80666c6dfa_2.pklz,2,abdcbff6487d33281734fbf3a20d63ff6095c0404a4e727962153cf6156239a2
562b16f5775cffcf08c9c39d043604b84424744cf0a47cf46938be80666c6dfa_2.pklz,4,1f64f48102b92f7ce8727aea81f4ffad692205c32a4164a69c0a711c2019b104
562b16f5775cffcf08c9c39d043604b84424744cf0a47cf46938be80666c6dfa_2.pklz,5,2405865449d078420a023c2a1141ea5b1e53eaefe38fb7dcd9dd222d01c23041
562b16f5775cffcf08c9c39d043604b84424744cf0a47cf46938be80666c6dfa_2.pklz,5,acaf3e5c057dac402e2f2bf6439e08e32c7e85950f0875dd623cfdae4f8ffc7b
562b16f5775cffcf08c9c39d043604b84424744cf0a47cf46938be80666c6dfa_2.pklz,5,d168a7354790e5b8e8f472ab55185c404bb0c14109ca61a8c07be52a513d09f6
562b16f5775cffcf08c9c39d043604b84424744cf0a47cf46938be80666c6dfa_2.pklz,7,1f64f48102b92f7ce8727aea81f4ffad692205c32a4164a69c0a711c2019b104
562b16f5775cffcf08c9c39d043604b84424744cf0a47cf46938be80666c6dfa_2.pklz,7,d168a7354790e5b8e8f472ab55185c404bb0c14109ca61a8c07be52a513d09f6
562b16f5775cffcf08c9c39d043604b84424744cf0a47cf46938be80666c6dfa_2.pklz,8,093dc08b812390386d5d6d89d6b8014e1c0fcfdaf9128091a90b5ef5fd7b3797
562b16f5775cffcf08c9c39d043604b84424744cf0a47cf46938be80666c6dfa_2.pklz,8,2405865449d078420a023c2a1141ea5b1e53eaefe38fb7dcd9dd222d01c23041
562b16f5775cffcf08c9c39d043604b84424744cf0a47cf46938be80666c6dfa_2.pklz,8,4514ce86d5b8f143b025d4e1dfbcc9ef1a972e40f979eb6a189ca225c2e80e68
562b16f5775cffcf08c9c39d043604b84424744cf0a47cf46938be80666c6dfa_2.pklz,8,abdcbff6487d33281734fbf3a20d63ff6095c0404a4e727962153cf6156239a2
562b16f5775cffcf08c9c39d043604b84424744cf0a47cf46938be80666c6dfa_2.pklz,9,093dc08b812390386d5d6d89d6b8014e1c0fcfdaf9128091a90b5ef5fd7b3797
562b16f5775cffcf08c9c39d043604b84424744cf0a47cf46938be80666c6dfa_2.pklz,9,acaf3e5c057dac402e2f2bf6439e08e32c7e85950f0875dd623cfdae4f8ffc7b
562b16f5775cffcf08c9c39d043604b84424744cf0a47cf46938be80666c6dfa_2.pklz,10,09d66c60e317be46448f8a1deca8aaa4393ce92f8fc41bbb5eecb8f940d9466e
66a9ca24d75bbc11522ff88c721c5f672ef44904d828a47366986916af6c84ce_1.pklz,1,09d66c60e317be46448f8a1deca8aaa4393ce92f8fc41bbb5eecb8f940d9466e
66a9ca24d75bbc11522ff88c721c5f672ef44904d828a47366986916af6c84ce_1.pklz,1,4514ce86d5b8f143b025d4e1dfbcc9ef1a972e40f979eb6a189ca225c2e80e68
66a9ca24d75bbc11522ff88c721c5f672ef44904d828a47366986916af6c84ce_1.pklz,1,d168a7354790e5b8e8f472ab55185c404bb0c14109ca61a8c07be52a513d09f6
66a9ca24d75bbc11522ff88c721c5f672ef44904d828a47366986916af6c84ce_1.pklz,2,abdcbff6487d33281734fbf3a20d63ff6095c0404a4e727962153cf6156239a2
66a9ca24d75bbc11522ff88c721c5f672ef44904d828a47366986916af6c84ce_1.pklz,2,d168a7354790e5b8e8f472ab55185c404bb0c14109ca61a8c07be52a513d09f6
66a9ca24d75bbc11522ff88c721c5f672ef44904d828a47366986916af6c84ce_1.pklz,3,09d66c60e317be46448f8a1deca8aaa4393ce92f8fc41bbb5eecb8f940d9466e
66a9ca24d75bbc11522ff88c721c5f672ef44904d828a47366986916af6c84ce_1.pklz,4,2405865449d078420a023c2a1141ea5b1e53eaefe38fb7dcd9dd222d01c23041
66a9ca24d75bbc11522ff88c721c5f672ef44904d828a47366986916af6c84ce_1.pklz,4,acaf3e5c057dac402e2f2bf6439e08e32c7e85950f0875dd623cfdae4f8ffc7b
66a9ca24d75bbc11522ff88c721c5f672ef44904d828a47366986916af6c84ce_1.pklz,5,093dc08b812390386d5d6d89d6b8014e1c0fcfdaf9128091a90b5ef5fd7b3797
66a9ca24d75bbc11522ff88c721c5f672ef44904d828a47366986916af6c84ce_1.pklz,5,1f64f48102b92f7ce8727aea81f4ffad692205c32a4164a69c0a711c2019b104
66a9ca24d75bbc11522ff88c721c5f672ef44904d828a47366986916af6c84ce_1.pklz,6,2405865449d078420a023c2a1141ea5b1e53eaefe38fb7dcd9dd222d01c23041
66a9ca24d75bbc11522ff88c721c5f672ef44904d828a47366986916af6c84ce_1.pklz,7,093dc08b812390386d5d6d89d6b8014e1c0fcfdaf9128091a90b5ef5fd7b3797
66a9ca24d75bbc11522ff88c721c5f672ef44904d828a47366986916af6c84ce_1.pklz,7,abdcbff6487d33281734fbf3a20d63ff6095c0404a4e727962153cf6156239a2
66a9ca24d75bbc11522ff88c721c5f672ef44904d828a47366986916af6c84ce_1.pklz,9,4514ce86d5b8f143b025d4e1dfbcc9ef1a972e40f979eb6a189ca225c2e80e68
66a9ca24d75bbc11522ff88c721c5f672ef44904d828a47366986916af6c84ce_1.pklz,10,1f64f48102b92f7ce8727aea81f4ffad692205c32a4164a69c0a711c2019b104
66a9ca24d75bbc11522ff88c721c5f672ef44904d828a47366986916af6c84ce_1.pklz,10,acaf3e5c057dac402e2f2bf6439e08e32c7e85950f0875dd623cfdae4f8ffc7b
66a9ca24d75bbc11522ff88c721c5f672ef44904d828a47366986916af6c84ce_2.pklz,2,abdcbff6487d33281734fbf3a20d63ff6095c0404a4e727962153cf6156239a2
66a9ca24d75bbc11522ff88c721c5f672ef44904d828a47366986916af6c84ce_2.pklz,2,d168a7354790e5b8e8f472ab55185c404bb0c14109ca61a8c07be52a513d09f6
66a9ca24d75bbc11522ff88c721c5f672ef44904d828a47366986916af6c84ce_2.pklz,3,09d66c60e317be46448f8a1deca8aaa4393ce92f8fc41bbb5eecb8f940d9466e
66a9ca24d75bbc11522ff88c721c5f672ef44904d828a47366986916af6c84ce_2.pklz,3,2405865449d078420a023c2a1141ea5b1e53eaefe38fb7dcd9dd222d01c23041
66a9ca24d75bbc11522ff88c721c5f672ef44904d828a47366986916af6c84ce_2.pklz,3,abdcbff6487d33281734fbf3a20d63ff6095c0404a4e727962153cf6156239a2
66a9ca24d75bbc11522ff88c721c5f672ef44904d828a47366986916af6c84ce_2.pklz,3,d168a7354790e5b8e8f472ab55185c404bb0c14109ca61a8c07be52a513d09f6
66a9ca24d75bbc11522ff88c721c5f672ef44904d828a47366986916af6c84ce_2.pklz,4,4514ce86d5b8f143b025d4e1dfbcc9ef1a972e40f979eb6a189ca225c2e80e68
66a9ca24d75bbc11522ff88c721c5f672ef44904d828a47366986916af6c84ce_2.pklz,4,acaf3e5c057dac402e2f2bf6439e08e32c7e85950f0875dd623cfdae4f8ffc7b
66a9ca24d75bbc11522ff88c721c5f672ef44904d828a47366986916af6c84ce_2.pklz,5,093dc08b812390386d5d6d89d6b8014e1c0fcfdaf9128091a90b5ef5fd7b3797
66a9ca24d75bbc11522ff88c721c5f672ef44904d828a47366986916af6c84ce_2.pklz,5,09d66c60e317be46448f8a1deca8aaa4393ce92f8fc41bbb5eecb8f940d9466e
66a9ca24d75bbc11522ff88c721c5f672ef44904d828a47366986916af6c84ce_2.pklz,5,1f64f48102b92f7ce8727aea81f4ffad692205c32a4164a69c0a711c2019b104
66a9ca24d75bbc11522ff88c721c5f672ef44904d828a47366986916af6c84ce_2.pklz,6,093dc08b812390386d5d6d89d6b8014e1c0fcfdaf9128091a90b5ef5fd7b3797
66a9ca24d75bbc11522ff88c721c5f672ef44904d828a47366986916af6c84ce_2.pklz,7,2405865449d078420a023c2a1141ea5b1e53eaefe38fb7dcd9dd222d01c23041
66a9ca24d75bbc11522ff88c721c5f672ef44904d828a47366986916af6c84ce_2.pklz,8,1f64f48102b92f7ce8727aea81f4ffad692205c32a4164a69c0a711c2019b104
66a9ca24d75bbc11522ff88c721c5f672ef44904d828a47366986916af6c84ce_2.pklz,8,4514ce86d5b8f143b025d4e1dfbcc9ef1a972e40f979eb6a189ca225c2e80e68
66a9ca24d75bbc11522ff88c721c5f672ef44904d828a47366986916af6c84ce_2.pklz,10,acaf3e5c057dac402e2f2bf6439e08e32c7e85950f0875dd623cfdae4f8ffc7b
7ae0de8e78055240d784e5346f959b099b78fd3b18c4d978544a87b2b8f11175_1.pklz,1,093dc08b812390386d5d6d89d6b8014e1c0fcfdaf9128091a90b5ef5fd7b3797
7ae0de8e78055240d784e5346f959b099b78fd3b18c4d978544a87b2b8f11175_1.pklz,1,acaf3e5c057dac402e2f2bf6439e08e32c7e85950f0875dd623cfdae4f8ffc7b
7ae0de8e78055240d784e5346f959b099b78fd3b18c4d978544a87b2b8f11175_1.pklz,2,1f64f48102b92f7ce8727aea81f4ffad692205c32a4164a69c0a711c2019b104
7ae0de8e78055240d784e5346f959b099b78fd3b18c4d978544a87b2b8f11175_1.pklz,2,4514ce86d5b8f143b025d4e1dfbcc9ef1a972e40f979eb6a189ca225c2e80e68
7ae0de8e78055240d784e5346f959b099b78fd3b18c4d978544a87b2b8f11175_1.pklz,4,1f64f48102b92f7ce8727aea81f4ffad692205c32a4164a69c0a711c2019b104
7ae0de8e78055240d784e5346f959b099b78fd3b18c4d978544a87b2b8f11175_1.pklz,4,4514ce86d5b8f143b025d4e1dfbcc9ef1a972e40f979eb6a189ca225c2e80e68
7ae0de8e78055240d784e5346f959b099b78fd3b18c4d978544a87b2b8f11175_1.pklz,5,abdcbff6487d33281734fbf3a20d63ff6095c0404a4e727962153cf6156239a2
7ae0de8e78055240d784e5346f959b099b78fd3b18c4d978544a87b2b8f11175_1.pklz,5,d168a7354790e5b8e8f472ab55185c404bb0c14109ca61a8c07be52a513d09f6
7ae0de8e78055240d784e5346f959b099b78fd3b18c4d978544a87b2b8f11175_1.pklz,6,093dc08b812390386d5d6d89d6b8014e1c0fcfdaf9128091a90b5ef5fd7b3797
7ae0de8e78055240d784e5346f959b099b78fd3b18c4d978544a87b2b8f11175_1.pklz,6,d168a7354790e5b8e8f472ab55185c404bb0c14109ca61a8c07be52a513d09f6
7ae0de8e78055240d784e5346f959b099b78fd3b18c4d978544a87b2b8f11175_1.pklz,7,09d66c60e317be46448f8a1deca8aaa4393ce92f8fc41bbb5eecb8f940d9466e
7ae0de8e78055240d784e5346f959b099b78fd3b18c4d978544a87b2b8f11175_1.pklz,7,2405865449d078420a023c2a1141ea5b1e53eaefe38fb7dcd9dd222d01c23041
7ae0de8e78055240d784e5346f959b099b78fd3b18c4d978544a87b2b8f11175_1.pklz,8,2405865449d078420a023c2a1141ea5b1e53eaefe38fb7dcd9dd222d01c23041
7ae0de8e78055240d784e5346f959b099b78fd3b18c4d978544a87b2b8f11175_1.pklz,9,abdcbff6487d33281734fbf3a20d63ff6095c0404a4e727962153cf6156239a2
7ae0de8e78055240d784e5346f959b099b78fd3b18c4d978544a87b2b8f11175_1.pklz,9,acaf3e5c057dac402e2f2bf6439e08e32c7e85950f0875dd623cfdae4f8ffc7b
7ae0de8e78055240d784e5346f959b099b78fd3b18c4d978544a87b2b8f11175_1.pklz,10,09d66c60e317be46448f8a1deca8aaa4393ce92f8fc41bbb5eecb8f940d9466e
7ae0de8e78055240d784e5346f959b099b78fd3b18c4d978544a87b2b8f11175_2.pklz,1,09d66c60e317be46448f8a1deca8aaa4393ce92f8fc41bbb5eecb8f940d9466e
7ae0de8e78055240d784e5346f959b099b78fd3b18c4d978544a87b2b8f11175_2.pklz,4,4514ce86d5b8f143b025d4e1dfbcc9ef1a972e40f979eb6a189ca225c2e80e68
7ae0de8e78055240d784e5346f959b099b78fd3b18c4d978544a87b2b8f11175_2.pklz,5,09d66c60e317be46448f8a1deca8aaa4393ce92f8fc41bbb5eecb8f940d9466e
7ae0de8e78055240d784e5346f959b099b78fd3b18c4d978544a87b2b8f11175_2.pklz,6,4514ce86d5b8f143b025d4e1dfbcc9ef1a972e40f979eb6a189ca225c2e80e68
7ae0de8e78055240d784e5346f959b099b78fd3b18c4d978544a87b2b8f11175_2.pklz,9,1f64f48102b92f7ce8727aea81f4ffad692205c32a4164a69c0a711c2019b104
7ae0de8e78055240d784e5346f959b099b78fd3b18c4d978544a87b2b8f11175_2.pklz,10,1f64f48102b92f7ce8727aea81f4ffad692205c32a4164a69c0a711c2019b104
89d8dae02f75ce03fe0b3987dda6d207db0268d3601162b7468ee6626a134d83_1.pklz,1,1f64f48102b92f7ce8727aea81f4ffad692205c32a4164a69c0a711c2019b104
89d8dae02f75ce03fe0b3987dda6d207db0268d3601162b7468ee6626a134d83_1.pklz,1,4514ce86d5b8f143b025d4e1dfbcc9ef1a972e40f979eb6a189ca225c2e80e68
89d8dae02f75ce03fe0b3987dda6d207db0268d3601162b7468ee6626a134d83_1.pklz,1,c15488f52ca9121fa3923f34700dc399b37b97fb96bc1711dba9cae296f6d7aa
89d8dae02f75ce03fe0b3987dda6d207db0268d3601162b7468ee6626a134d83_1.pklz,1,ebddc6545e5237acd48f69b9045f012e770e9b623133e4fbfa16c0fe4fbda012
89d8dae02f75ce03fe0b3987dda6d207db0268d3601162b7468ee6626a134d83_1.pklz,2,093dc08b812390386d5d6d89d6b8014e1c0fcfdaf9128091a90b5ef5fd7b3797
89d8dae02f75ce03fe0b3987dda6d207db0268d3601162b7468ee6626a134d83_1.pklz,2,1f64f48102b92f7ce8727aea81f4ffad692205c32a4164a69c0a711c2019b104
89d8dae02f75ce03fe0b3987dda6d207db0268d3601162b7468ee6626a134d83_1.pklz,2,8a210ad2b29f971317752fe7e6227b1ac434d42d524155eb531c20a0be75bc25
89d8dae02f75ce03fe0b3987dda6d207db0268d3601162b7468ee6626a134d83_1.pklz,2,acaf3e5c057dac402e2f2bf6439e08e32c7e85950f0875dd623cfdae4f8ffc7b
89d8dae02f75ce03fe0b3987dda6d207db0268d3601162b7468ee6626a134d83_1.pklz,2,ebddc6545e5237acd48f69b9045f012e770e9b623133e4fbfa16c0fe4fbda012
89d8dae02f75ce03fe0b3987dda6d207db0268d3601162b7468ee6626a134d83_1.pklz,3,5387414aa9ab2b134cd7b69f1a3b992512f9477334e4af2d31c84dd48b36c87d
89d8dae02f75ce03fe0b3987dda6d207db0268d3601162b7468ee6626a134d83_1.pklz,3,8a210ad2b29f971317752fe7e6227b1ac434d42d524155eb531c20a0be75bc25
89d8dae02f75ce03fe0b3987dda6d207db0268d3601162b7468ee6626a134d83_1.pklz,3,acaf3e5c057dac402e2f2bf6439e08e32c7e85950f0875dd623cfdae4f8ffc7b
89d8dae02f75ce03fe0b3987dda6d207db0268d3601162b7468ee6626a134d83_1.pklz,3,f6901861b4c165ea8ded6ca60cdc8c231d495403b83b5c12b5b1bb16ff6e2c8d
89d8dae02f75ce03fe0b3987dda6d207db0268d3601162b7468ee6626a134d83_1.pklz,4,2405865449d078420a023c2a1141ea5b1e53eaefe38fb7dcd9dd222d01c23041
89d8dae02f75ce03fe0b3987dda6d207db0268d3601162b7468ee6626a134d83_1.pklz,4,d168a7354790e5b8e8f472ab55185c404bb0c14109ca61a8c07be52a513d09f6
89d8dae02f75ce03fe0b3987dda6d207db0268d3601162b7468ee6626a134d83_1.pklz,4,f6901861b4c165ea8ded6ca60cdc8c231d495403b83b5c12b5b1bb16ff6e2c8d
89d8dae02f75ce03fe0b3987dda6d207db0268d3601162b7468ee6626a134d83_1.pklz,5,093dc08b812390386d5d6d89d6b8014e1c0fcfdaf9128091a90b5ef5fd7b3797
89d8dae02f75ce03fe0b3987dda6d207db0268d3601162b7468ee6626a134d83_1.pklz,5,5387414aa9ab2b134cd7b69f1a3b992512f9477334e4af2d31c84dd48b36c87d
89d8dae02f75ce03fe0b3987dda6d207db0268d3601162b7468ee6626a134d83_1.pklz,5,c15488f52ca9121fa3923f34700dc399b37b97fb96bc1711dba9cae296f6d7aa
89d8dae02f75ce03fe0b3987dda6d207db0268d3601162b7468ee6626a134d83_1.pklz,5,e4001ce3648dc8c65fb8b2f723f2a8df6d7a4ea1447eda2810cd7e140d5aa43c
89d8dae02f75ce03fe0b3987dda6d207db0268d3601162b7468ee6626a134d83_1.pklz,5,ebddc6545e5237acd48f69b9045f012e770e9b623133e4fbfa16c0fe4fbda012
89d8dae02f75ce03fe0b3987dda6d207db0268d3601162b7468ee6626a134d83_1.pklz,6,2405865449d078420a023c2a1141ea5b1e53eaefe38fb7dcd9dd222d01c23041
89d8dae02f75ce03fe0b3987dda6d207db0268d3601162b7468ee6626a134d83_1.pklz,6,8a210ad2b29f971317752fe7e6227b1ac434d42d524155eb531c20a0be75bc25
89d8dae02f75ce03fe0b3987dda6d207db0268d3601162b7468ee6626a134d83_1.pklz,6,c15488f52ca9121fa3923f34700dc399b37b97fb96bc1711dba9cae296f6d7aa
89d8dae02f75ce03fe0b3987dda6d207db0268d3601162b7468ee6626a134d83_1.pklz,7,09d66c60e317be46448f8a1deca8aaa4393ce92f8fc41bbb5eecb8f940d9466e
89d8dae02f75ce03fe0b3987dda6d207db0268d3601162b7468ee6626a134d83_1.pklz,7,5387414aa9ab2b134cd7b69f1a3b992512f9477334e4af2d31c84dd48b36c87d
89d8dae02f75ce03fe0b3987dda6d207db0268d3601162b7468ee6626a134d83_1.pklz,7,8a210ad2b29f971317752fe7e6227b1ac434d42d524155eb531c20a0be75bc25
89d8dae02f75ce03fe0b3987dda6d207db0268d3601162b7468ee6626a134d83_1.pklz,7,f6901861b4c165ea8ded6ca60cdc8c231d495403b83b5c12b5b1bb16ff6e2c8d
89d8dae02f75ce03fe0b3987dda6d207db0268d3601162b7468ee6626a134d83_1.pklz,8,4514ce86d5b8f143b025d4e1dfbcc9ef1a972e40f979eb6a189ca225c2e80e68
89d8dae02f75ce03fe0b3987dda6d207db0268d3601162b7468ee6626a134d83_1.pklz,8,e4001ce3648dc8c65fb8b2f723f2a8df6d7a4ea1447eda2810cd7e140d5aa43c
89d8dae02f75ce03fe0b3987dda6d207db0268d3601162b7468ee6626a134d83_1.pklz,9,09d66c60e317be46448f8a1deca8aaa4393ce92f8fc41bbb5eecb8f940d9466e
89d8dae02f75ce03fe0b3987dda6d207db0268d3601162b7468ee6626a134d83_1.pklz,9,4514ce86d5b8f143b025d4e1dfbcc9ef1a972e40f979eb6a189ca225c2e80e68
89d8dae02f75ce03fe0b3987dda6d207db0268d3601162b7468ee6626a134d83_1.pklz,9,8a210ad2b29f971317752fe7e6227b1ac434d42d524155eb531c20a0be75bc25
89d8dae02f75ce03fe0b3987dda6d207db0268d3601162b7468ee6626a134d83_1.pklz,9,e4001ce3648dc8c65fb8b2f723f2a8df6d7a4ea1447eda2810cd7e140d5aa43c
89d8dae02f75ce03fe0b3987dda6d207db0268d3601162b7468ee6626a134d83_1.pklz,9,ebddc6545e5237acd48f69b9045f012e770e9b623133e4fbfa16c0fe4fbda012
89d8dae02f75ce03fe0b3987dda6d207db0268d3601162b7468ee6626a134d83_1.pklz,10,4514ce86d5b8f143b025d4e1dfbcc9ef1a972e40f979eb6a189ca225c2e80e68
89d8dae02f75ce03fe0b3987dda6d207db0268d3601162b7468ee6626a134d83_1.pklz,10,5387414aa9ab2b134cd7b69f1a3b992512f9477334e4af2d31c84dd48b36c87d
89d8dae02f75ce03fe0b3987dda6d207db0268d3601162b7468ee6626a134d83_2.pklz,1,09d66c60e317be46448f8a1deca8aaa4393ce92f8fc41bbb5eecb8f940d9466e
89d8dae02f75ce03fe0b3987dda6d207db0268d3601162b7468ee6626a134d83_2.pklz,1,4514ce86d5b8f143b025d4e1dfbcc9ef1a972e40f979eb6a189ca225c2e80e68
89d8dae02f75ce03fe0b3987dda6d207db0268d3601162b7468ee6626a134d83_2.pklz,2,09d66c60e317be46448f8a1deca8aaa4393ce92f8fc41bbb5eecb8f940d9466e
89d8dae02f75ce03fe0b3987dda6d207db0268d3601162b7468ee6626a134d83_2.pklz,2,5387414aa9ab2b134cd7b69f1a3b992512f9477334e4af2d31c84dd48b36c87d
89d8dae02f75ce03fe0b3987dda6d207db0268d3601162b7468ee6626a134d83_2.pklz,2,c15488f52ca9121fa3923f34700dc399b37b97fb96bc1711dba9cae296f6d7aa
89d8dae02f75ce03fe0b3987dda6d207db0268d3601162b7468ee6626a134d83_2.pklz,2,e4001ce3648dc8c65fb8b2f723f2a8df6d7a4ea1447eda2810cd7e140d5aa43c
89d8dae02f75ce03fe0b3987dda6d207db0268d3601162b7468ee6626a134d83_2.pklz,3,2405865449d078420a023c2a1141ea5b1e53eaefe38fb7dcd9dd222d01c23041
89d8dae02f75ce03fe0b3987dda6d207db0268d3601162b7468ee6626a134d83_2.pklz,3,acaf3e5c057dac402e2f2bf6439e08e32c7e85950f0875dd623cfdae4f8ffc7b
89d8dae02f75ce03fe0b3987dda6d207db0268d3601162b7468ee6626a134d83_2.pklz,3,c15488f52ca9121fa3923f34700dc399b37b97fb96bc1711dba9cae296f6d7aa
89d8dae02f75ce03fe0b3987dda6d207db0268d3601162b7468ee6626a134d83_2.pklz,3,ebddc6545e5237acd48f69b9045f012e770e9b623133e4fbfa16c0fe4fbda012
89d8dae02f75ce03fe0b3987dda6d207db0268d3601162b7468ee6626a134d83_2.pklz,4,093dc08b812390386d5d6d89d6b8014e1c0fcfdaf9128091a90b5ef5fd7b3797
89d8dae02f75ce03fe0b3987dda6d207db0268d3601162b7468ee6626a134d83_2.pklz,4,4514ce86d5b8f143b025d4e1dfbcc9ef1a972e40f979eb6a189ca225c2e80e68
89d8dae02f75ce03fe0b3987dda6d207db0268d3601162b7468ee6626a134d83_2.pklz,4,5387414aa9ab2b134cd7b69f1a3b992512f9477334e4af2d31c84dd48b36c87d
89d8dae02f75ce03fe0b3987dda6d207db0268d3601162b7468ee6626a134d83_2.pklz,4,acaf3e5c057dac402e2f2bf6439e08e32c7e85950f0875dd623cfdae4f8ffc7b
89d8dae02f75ce03fe0b3987dda6d207db0268d3601162b7468ee6626a134d83_2.pklz,5,2405865449d078420a023c2a1141ea5b1e53eaefe38fb7dcd9dd222d01c23041
89d8dae02f75ce03fe0b3987dda6d207db0268d3601162b7468ee6626a134d83_2.pklz,5,5387414aa9ab2b134cd7b69f1a3b992512f9477334e4af2d31c84dd48b36c87d
89d8dae02f75ce03fe0b3987dda6d207db0268d3601162b7468ee6626a134d83_2.pklz,5,f6901861b4c165ea8ded6ca60cdc8c231d495403b83b5c12b5b1bb16ff6e2c8d
89d8dae02f75ce03fe0b3987dda6d207db0268d3601162b7468ee6626a134d83_2.pklz,6,4514ce86d5b8f143b025d4e1dfbcc9ef1a972e40f979eb6a189ca225c2e80e68
89d8dae02f75ce03fe0b3987dda6d207db0268d3601162b7468ee6626a134d83_2.pklz,6,e4001ce3648dc8c65fb8b2f723f2a8df6d7a4ea1447eda2810cd7e140d5aa43c
89d8dae02f75ce03fe0b3987dda6d207db0268d3601162b7468ee6626a134d83_2.pklz,7,c15488f52ca9121fa3923f34700dc399b37b97fb96bc1711dba9cae296f6d7aa
89d8dae02f75ce03fe0b3987dda6d207db0268d3601162b7468ee6626a134d83_2.pklz,7,d168a7354790e5b8e8f472ab55185c404bb0c14109ca61a8c07be52a513d09f6
89d8dae02f75ce03fe0b3987dda6d207db0268d3601162b7468ee6626a134d83_2.pklz,7,ebddc6545e5237acd48f69b9045f012e770e9b623133e4fbfa16c0fe4fbda012
89d8dae02f75ce03fe0b3987dda6d207db0268d3601162b7468ee6626a134d83_2.pklz,8,abdcbff6487d33281734fbf3a20d63ff6095c0404a4e727962153cf6156239a2
89d8dae02f75ce03fe0b3987dda6d207db0268d3601162b7468ee6626a134d83_2.pklz,8,ebddc6545e5237acd48f69b9045f012e770e9b623133e4fbfa16c0fe4fbda012
89d8dae02f75ce03fe0b3987dda6d207db0268d3601162b7468ee6626a134d83_2.pklz,9,8a210ad2b29f971317752fe7e6227b1ac434d42d524155eb531c20a0be75bc25
89d8dae02f75ce03fe0b3987dda6d207db0268d3601162b7468ee6626a134d83_2.pklz,9,abdcbff6487d33281734fbf3a20d63ff6095c0404a4e727962153cf6156239a2
89d8dae02f75ce03fe0b3987dda6d207db0268d3601162b7468ee6626a134d83_2.pklz,9,e4001ce3648dc8c65fb8b2f723f2a8df6d7a4ea1447eda2810cd7e140d5aa43c
89d8dae02f75ce03fe0b3987dda6d207db0268d3601162b7468ee6626a134d83_2.pklz,9,ebddc6545e5237acd48f69b9045f012e770e9b623133e4fbfa16c0fe4fbda012
89d8dae02f75ce03fe0b3987dda6d207db0268d3601162b7468ee6626a134d83_2.pklz,10,093dc08b812390386d5d6d89d6b8014e1c0fcfdaf9128091a90b5ef5fd7b3797
89d8dae02f75ce03fe0b3987dda6d207db0268d3601162b7468ee6626a134d83_2.pklz,10,4514ce86d5b8f143b025d4e1dfbcc9ef1a972e40f979eb6a189ca225c2e80e68
89d8dae02f75ce03fe0b3987dda6d207db0268d3601162b7468ee6626a134d83_2.pklz,10,f6901861b4c165ea8ded6ca60cdc8c231d495403b83b5c12b5b1bb16ff6e2c8d
8b1da26e7d0683d9f77d1ebeb45ebdc888b3a6b12f19e7ea880a0bf66bb6c1c8_1.pklz,1,acaf3e5c057dac402e2f2bf6439e08e32c7e85950f0875dd623cfdae4f8ffc7b
8b1da26e7d0683d9f77d1ebeb45ebdc888b3a6b12f19e7ea880a0bf66bb6c1c8_1.pklz,1,d168a7354790e5b8e8f472ab55185c404bb0c14109ca61a8c07be52a513d09f6
8b1da26e7d0683d9f77d1ebeb45ebdc888b3a6b12f19e7ea880a0bf66bb6c1c8_1.pklz,2,1f64f48102b92f7ce8727aea81f4ffad692205c32a4164a69c0a711c2019b104
8b1da26e7d0683d9f77d1ebeb45ebdc888b3a6b12f19e7ea880a0bf66bb6c1c8_1.pklz,3,d168a7354790e5b8e8f472ab55185c404bb0c14109ca61a8c07be52a513d09f6
8b1da26e7d0683d9f77d1ebeb45ebdc888b3a6b12f19e7ea880a0bf66bb6c1c8_1.pklz,4,093dc08b812390386d5d6d89d6b8014e1c0fcfdaf9128091a90b5ef5fd7b3797
8b1da26e7d0683d9f77d1ebeb45ebdc888b3a6b12f19e7ea880a0bf66bb6c1c8_1.pklz,4,2405865449d078420a023c2a1141ea5b1e53eaefe38fb7dcd9dd222d01c23041
8b1da26e7d0683d9f77d1ebeb45ebdc888b3a6b12f19e7ea880a0bf66bb6c1c8_1.pklz,4,4514ce86d5b8f143b025d4e1dfbcc9ef1a972e40f979eb6a189ca225c2e80e68
8b1da26e7d0683d9f77d1ebeb45ebdc888b3a6b12f19e7ea880a0bf66bb6c1c8_1.pklz,5,1f64f48102b92f7ce8727aea81f4ffad692205c32a4164a69c0a711c2019b104
8b1da26e7d0683d9f77d1ebeb45ebdc888b3a6b12f19e7ea880a0bf66bb6c1c8_1.pklz,7,acaf3e5c057dac402e2f2bf6439e08e32c7e85950f0875dd623cfdae4f8ffc7b
8b1da26e7d0683d9f77d1ebeb45ebdc888b3a6b12f19e7ea880a0bf66bb6c1c8_1.pklz,8,4514ce86d5b8f143b025d4e1dfbcc9ef1a972e40f979eb6a189ca225c2e80e68
8b1da26e7d0683d9f77d1ebeb45ebdc888b3a6b12f19e7ea880a0bf66bb6c1c8_1.pklz,10,093dc08b812390386d5d6d89d6b8014e1c0fcfdaf9128091a90b5ef5fd7b3797
8b1da26e7d0683d9f77d1ebeb45ebdc888b3a6b12f19e7ea880a0bf66bb6c1c8_1.pklz,10,2405865449d078420a023c2a1141ea5b1e53eaefe38fb7dcd9dd222d01c23041
8b1da26e7d0683d9f77d1ebeb45ebdc888b3a6b12f19e7ea880a0bf66bb6c1c8_2.pklz,1,abdcbff6487d33281734fbf3a20d63ff6095c0404a4e727962153cf6156239a2
8b1da26e7d0683d9f77d1ebeb45ebdc888b3a6b12f19e7ea880a0bf66bb6c1c8_2.pklz,1,d168a7354790e5b8e8f472ab55185c404bb0c14109ca61a8c07be52a513d09f6
8b1da26e7d0683d9f77d1ebeb45ebdc888b3a6b12f19e7ea880a0bf66bb6c1c8_2.pklz,3,4514ce86d5b8f143b025d4e1dfbcc9ef1a972e40f979eb6a189ca225c2e80e68
8b1da26e7d0683d9f77d1ebeb45ebdc888b3a6b12f19e7ea880a0bf66bb6c1c8_2.pklz,3,d168a7354790e5b8e8f472ab55185c404bb0c14109ca61a8c07be52a513d09f6
8b1da26e7d0683d9f77d1ebeb45ebdc888b3a6b12f19e7ea880a0bf66bb6c1c8_2.pklz,5,09d66c60e317be46448f8a1deca8aaa4393ce92f8fc41bbb5eecb8f940d9466e
8b1da26e7d0683d9f77d1ebeb45ebdc888b3a6b12f19e7ea880a0bf66bb6c1c8_2.pklz,5,acaf3e5c057dac402e2f2bf6439e08e32c7e85950f0875dd623cfdae4f8ffc7b
8b1da26e7d0683d9f77d1ebeb45ebdc888b3a6b12f19e7ea880a0bf66bb6c1c8_2.pklz,6,acaf3e5c057dac402e2f2bf6439e08e32c7e85950f0875dd623cfdae4f8ffc7b
8b1da26e7d0683d9f77d1ebeb45ebdc888b3a6b12f19e7ea880a0bf66bb6c1c8_2.pklz,7,09d66c60e317be46448f8a1deca8aaa4393ce92f8fc41bbb5eecb8f940d9466e
8b1da26e7d0683d9f77d1ebeb45ebdc888b3a6b12f19e7ea880a0bf66bb6c1c8_2.pklz,7,abdcbff6487d33281734fbf3a20d63ff6095c0404a4e727962153cf6156239a2
8b1da26e7d0683d9f77d1ebeb45ebdc888b3a6b12f19e7ea880a0bf66bb6c1c8_2.pklz,8,2405865449d078420a023c2a1141ea5b1e53eaefe38fb7dcd9dd222d01c23041
8b1da26e7d0683d9f77d1ebeb45ebdc888b3a6b12f19e7ea880a0bf66bb6c1c8_2.pklz,9,4514ce86d5b8f143b025d4e1dfbcc9ef1a972e40f979eb6a189ca225c2e80e68
8b1da26e7d0683d9f77d1ebeb45ebdc888b3a6b12f19e7ea880a0bf66bb6c1c8_2.pklz,10,2405865449d078420a023c2a1141ea5b1e53eaefe38fb7dcd9dd222d01c23041
ae4668c17d8dca09ff6e13600788fc9a88c7fc4d7d2ac594405b5d863a713bfe_1.pklz,1,093dc08b812390386d5d6d89d6b8014e1c0fcfdaf9128091a90b5ef5fd7b3797
ae4668c17d8dca09ff6e13600788fc9a88c7fc4d7d2ac594405b5d863a713bfe_1.pklz,1,2405865449d078420a023c2a1141ea5b1e53eaefe38fb7dcd9dd222d01c23041
ae4668c17d8dca09ff6e13600788fc9a88c7fc4d7d2ac594405b5d863a713bfe_1.pklz,1,4514ce86d5b8f143b025d4e1dfbcc9ef1a972e40f979eb6a189ca225c2e80e68
ae4668c17d8dca09ff6e13600788fc9a88c7fc4d7d2ac594405b5d863a713bfe_1.pklz,2,1f64f48102b92f7ce8727aea81f4ffad692205c32a4164a69c0a711c2019b104
ae4668c17d8dca09ff6e13600788fc9a88c7fc4d7d2ac594405b5d863a713bfe_1.pklz,2,2405865449d078420a023c2a1141ea5b1e53eaefe38fb7dcd9dd222d01c23041
ae4668c17d8dca09ff6e13600788fc9a88c7fc4d7d2ac594405b5d863a713bfe_1.pklz,2,acaf3e5c057dac402e2f2bf6439e08e32c7e85950f0875dd623cfdae4f8ffc7b
ae4668c17d8dca09ff6e13600788fc9a88c7fc4d7d2ac594405b5d863a713bfe_1.pklz,3,09d66c60e317be46448f8a1deca8aaa4393ce92f8fc41bbb5eecb8f940d9466e
ae4668c17d8dca09ff6e13600788fc9a88c7fc4d7d2ac594405b5d863a713bfe_1.pklz,3,4514ce86d5b8f143b025d4e1dfbcc9ef1a972e40f979eb6a189ca225c2e80e68
ae4668c17d8dca09ff6e13600788fc9a88c7fc4d7d2ac594405b5d863a713bfe_1.pklz,4,09d66c60e317be46448f8a1deca8aaa4393ce92f8fc41bbb5eecb8f940d9466e
ae4668c17d8dca09ff6e13600788fc9a88c7fc4d7d2ac594405b5d863a713bfe_1.pklz,5,093dc08b812390386d5d6d89d6b8014e1c0fcfdaf9128091a90b5ef5fd7b3797
ae4668c17d8dca09ff6e13600788fc9a88c7fc4d7d2ac594405b5d863a713bfe_1.pklz,5,d168a7354790e5b8e8f472ab55185c404bb0c14109ca61a8c07be52a513d09f6
ae4668c17d8dca09ff6e13600788fc9a88c7fc4d7d2ac594405b5d863a713bfe_1.pklz,6,abdcbff6487d33281734fbf3a20d63ff6095c0404a4e727962153cf6156239a2
ae4668c17d8dca09ff6e13600788fc9a88c7fc4d7d2ac594405b5d863a713bfe_1.pklz,6,acaf3e5c057dac402e2f2bf6439e08e32c7e85950f0875dd623cfdae4f8ffc7b
ae4668c17d8dca09ff6e13600788fc9a88c7fc4d7d2ac594405b5d863a713bfe_1.pklz,8,1f64f48102b92f7ce8727aea81f4ffad692205c32a4164a69c0a711c2019b104
ae4668c17d8dca09ff6e13600788fc9a88c7fc4d7d2ac594405b5d863a713bfe_1.pklz,9,abdcbff6487d33281734fbf3a20d63ff6095c0404a4e727962153cf6156239a2
ae4668c17d8dca09ff6e13600788fc9a88c7fc4d7d2ac594405b5d863a713bfe_1.pklz,9,d168a7354790e5b8e8f472ab55185c404bb0c14109ca61a8c07be52a513d09f6
ae4668c17d8dca09ff6e13600788fc9a88c7fc4d7d2ac594405b5d863a713bfe_2.pklz,1,093dc08b812390386d5d6d89d6b8014e1c0fcfdaf9128091a90b5ef5fd7b3797
ae4668c17d8dca09ff6e13600788fc9a88c7fc4d7d2ac594405b5d863a713bfe_2.pklz,1,4514ce86d5b8f143b025d4e1dfbcc9ef1a972e40f979eb6a189ca225c2e80e68
ae4668c17d8dca09ff6e13600788fc9a88c7fc4d7d2ac594405b5d863a713bfe_2.pklz,2,abdcbff6487d33281734fbf3a20d63ff6095c0404a4e727962153cf6156239a2
ae4668c17d8dca09ff6e13600788fc9a88c7fc4d7d2ac594405b5d863a713bfe_2.pklz,2,d168a7354790e5b8e8f472ab55185c404bb0c14109ca61a8c07be52a513d09f6
ae4668c17d8dca09ff6e13600788fc9a88c7fc4d7d2ac594405b5d863a713bfe_2.pklz,3,1f64f48102b92f7ce8727aea81f4ffad692205c32a4164a69c0a711c2019b104
ae4668c17d8dca09ff6e13600788fc9a88c7fc4d7d2ac594405b5d863a713bfe_2.pklz,3,2405865449d078420a023c2a1141ea5b1e53eaefe38fb7dcd9dd222d01c23041
ae4668c17d8dca09ff6e13600788fc9a88c7fc4d7d2ac594405b5d863a713bfe_2.pklz,4,093dc08b812390386d5d6d89d6b8014e1c0fcfdaf9128091a90b5ef5fd7b3797
ae4668c17d8dca09ff6e13600788fc9a88c7fc4d7d2ac594405b5d863a713bfe_2.pklz,4,acaf3e5c057dac402e2f2bf6439e08e32c7e85950f0875dd623cfdae4f8ffc7b
ae4668c17d8dca09ff6e13600788fc9a88c7fc4d7d2ac594405b5d863a713bfe_2.pklz,6,1f64f48102b92f7ce8727aea81f4ffad692205c32a4164a69c0a711c2019b104
ae4668c17d8dca09ff6e13600788fc9a88c7fc4d7d2ac594405b5d863a713bfe_2.pklz,6,4514ce86d5b8f143b025d4e1dfbcc9ef1a972e40f979eb6a189ca225c2e80e68
ae4668c17d8dca09ff6e13600788fc9a88c7fc4d7d2ac594405b5d863a713bfe_2.pklz,6,abdcbff6487d33281734fbf3a20d63ff6095c0404a4e727962153cf6156239a2
ae4668c17d8dca09ff6e13600788fc9a88c7fc4d7d2ac594405b5d863a713bfe_2.pklz,6,acaf3e5c057dac402e2f2bf6439e08e32c7e85950f0875dd623cfdae4f8ffc7b
ae4668c17d8dca09ff6e13600788fc9a88c7fc4d7d2ac594405b5d863a713bfe_2.pklz,8,09d66c60e317be46448f8a1deca8aaa4393ce92f8fc41bbb5eecb8f940d9466e
ae4668c17d8dca09ff6e13600788fc9a88c7fc4d7d2ac594405b5d863a713bfe_2.pklz,8,d168a7354790e5b8e8f472ab55185c404bb0c14109ca61a8c07be52a513d09f6
ae4668c17d8dca09ff6e13600788fc9a88c7fc4d7d2ac594405b5d863a713bfe_2.pklz,10,09d66c60e317be46448f8a1deca8aaa4393ce92f8fc41bbb5eecb8f940d9466e
ae4668c17d8dca09ff6e13600788fc9a88c7fc4d7d2ac594405b5d863a713bfe_2.pklz,10,2405865449d078420a023c2a1141ea5b1e53eaefe38fb7dcd9dd222d01c23041
ba66bbc66ae87445817573cb8f80c1241d628bca004b7d7c7779125b1032159f_1.pklz,1,09d66c60e317be46448f8a1deca8aaa4393ce92f8fc41bbb5eecb8f940d9466e
ba66bbc66ae87445817573cb8f80c1241d628bca004b7d7c7779125b1032159f_1.pklz,1,2405865449d078420a023c2a1141ea5b1e53eaefe38fb7dcd9dd222d01c23041
ba66bbc66ae87445817573cb8f80c1241d628bca004b7d7c7779125b1032159f_1.pklz,1,d168a7354790e5b8e8f472ab55185c404bb0c14109ca61a8c07be52a513d09f6
ba66bbc66ae87445817573cb8f80c1241d628bca004b7d7c7779125b1032159f_1.pklz,1,e4001ce3648dc8c65fb8b2f723f2a8df6d7a4ea1447eda2810cd7e140d5aa43c
ba66bbc66ae87445817573cb8f80c1241d628bca004b7d7c7779125b1032159f_1.pklz,1,f6901861b4c165ea8ded6ca60cdc8c231d495403b83b5c12b5b1bb16ff6e2c8d
ba66bbc66ae87445817573cb8f80c1241d628bca004b7d7c7779125b1032159f_1.pklz,2,093dc08b812390386d5d6d89d6b8014e1c0fcfdaf9128091a90b5ef5fd7b3797
ba66bbc66ae87445817573cb8f80c1241d628bca004b7d7c7779125b1032159f_1.pklz,2,8a210ad2b29f971317752fe7e6227b1ac434d42d524155eb531c20a0be75bc25
ba66bbc66ae87445817573cb8f80c1241d628bca004b7d7c7779125b1032159f_1.pklz,2,f6901861b4c165ea8ded6ca60cdc8c231d495403b83b5c12b5b1bb16ff6e2c8d
ba66bbc66ae87445817573cb8f80c1241d628bca004b7d7c7779125b1032159f_1.pklz,3,1f64f48102b92f7ce8727aea81f4ffad692205c32a4164a69c0a711c2019b104
ba66bbc66ae87445817573cb8f80c1241d628bca004b7d7c7779125b1032159f_1.pklz,3,4514ce86d5b8f143b025d4e1dfbcc9ef1a972e40f979eb6a189ca225c2e80e68
ba66bbc66ae87445817573cb8f80c1241d628bca004b7d7c7779125b1032159f_1.pklz,3,8a210ad2b29f971317752fe7e6227b1ac434d42d524155eb531c20a0be75bc25
ba66bbc66ae87445817573cb8f80c1241d628bca004b7d7c7779125b1032159f_1.pklz,3,abdcbff6487d33281734fbf3a20d63ff6095c0404a4e727962153cf6156239a2
ba66bbc66ae87445817573cb8f80c1241d628bca004b7d7c7779125b1032159f_1.pklz,3,d168a7354790e5b8e8f472ab55185c404bb0c14109ca61a8c07be52a513d09f6
ba66bbc66ae87445817573cb8f80c1241d628bca004b7d7c7779125b1032159f_1.pklz,4,4514ce86d5b8f143b025d4e1dfbcc9ef1a972e40f979eb6a189ca225c2e80e68
ba66bbc66ae87445817573cb8f80c1241d628bca004b7d7c7779125b1032159f_1.pklz,4,acaf3e5c057dac402e2f2bf6439e08e32c7e85950f0875dd623cfdae4f8ffc7b
ba66bbc66ae87445817573cb8f80c1241d628bca004b7d7c7779125b1032159f_1.pklz,5,1f64f48102b92f7ce8727aea81f4ffad692205c32a4164a69c0a711c2019b104
ba66bbc66ae87445817573cb8f80c1241d628bca004b7d7c7779125b1032159f_1.pklz,5,2405865449d078420a023c2a1141ea5b1e53eaefe38fb7dcd9dd222d01c23041
ba66bbc66ae87445817573cb8f80c1241d628bca004b7d7c7779125b1032159f_1.pklz,5,8a210ad2b29f971317752fe7e6227b1ac434d42d524155eb531c20a0be75bc25
ba66bbc66ae87445817573cb8f80c1241d628bca004b7d7c7779125b1032159f_1.pklz,5,ebddc6545e5237acd48f69b9045f012e770e9b623133e4fbfa16c0fe4fbda012
ba66bbc66ae87445817573cb8f80c1241d628bca004b7d7c7779125b1032159f_1.pklz,6,4514ce86d5b8f143b025d4e1dfbcc9ef1a972e40f979eb6a189ca225c2e80e68
ba66bbc66ae87445817573cb8f80c1241d628bca004b7d7c7779125b1032159f_1.pklz,6,8a210ad2b29f971317752fe7e6227b1ac434d42d524155eb531c20a0be75bc25
ba66bbc66ae87445817573cb8f80c1241d628bca004b7d7c7779125b1032159f_1.pklz,6,c15488f52ca9121fa3923f34700dc399b37b97fb96bc1711dba9cae296f6d7aa
ba66bbc66ae87445817573cb8f80c1241d628bca004b7d7c7779125b1032159f_1.pklz,6,f6901861b4c165ea8ded6ca60cdc8c231d495403b83b5c12b5b1bb16ff6e2c8d
ba66bbc66ae87445817573cb8f80c1241d628bca004b7d7c7779125b1032159f_1.pklz,7,acaf3e5c057dac402e2f2bf6439e08e32c7e85950f0875dd623cfdae4f8ffc7b
ba66bbc66ae87445817573cb8f80c1241d628bca004b7d7c7779125b1032159f_1.pklz,7,d168a7354790e5b8e8f472ab55185c404bb0c14109ca61a8c07be52a513d09f6
ba66bbc66ae87445817573cb8f80c1241d628bca004b7d7c7779125b1032159f_1.pklz,8,d168a7354790e5b8e8f472ab55185c404bb0c14109ca61a8c07be52a513d09f6
ba66bbc66ae87445817573cb8f80c1241d628bca004b7d7c7779125b1032159f_1.pklz,8,e4001ce3648dc8c65fb8b2f723f2a8df6d7a4ea1447eda2810cd7e140d5aa43c
ba66bbc66ae87445817573cb8f80c1241d628bca004b7d7c7779125b1032159f_1.pklz,9,09d66c60e317be46448f8a1deca8aaa4393ce92f8fc41bbb5eecb8f940d9466e
ba66bbc66ae87445817573cb8f80c1241d628bca004b7d7c7779125b1032159f_1.pklz,9,8a210ad2b29f971317752fe7e6227b1ac434d42d524155eb531c20a0be75bc25
ba66bbc66ae87445817573cb8f80c1241d628bca004b7d7c7779125b1032159f_1.pklz,9,abdcbff6487d33281734fbf3a20d63ff6095c0404a4e727962153cf6156239a2
ba66bbc66ae87445817573cb8f80c1241d628bca004b7d7c7779125b1032159f_1.pklz,9,d168a7354790e5b8e8f472ab55185c404bb0c14109ca61a8c07be52a513d09f6
ba66bbc66ae87445817573cb8f80c1241d628bca004b7d7c7779125b1032159f_1.pklz,10,093dc08b812390386d5d6d89d6b8014e1c0fcfdaf9128091a90b5ef5fd7b3797
ba66bbc66ae87445817573cb8f80c1241d628bca004b7d7c7779125b1032159f_1.pklz,10,e4001ce3648dc8c65fb8b2f723f2a8df6d7a4ea1447eda2810cd7e140d5aa43c
ba66bbc66ae87445817573cb8f80c1241d628bca004b7d7c7779125b1032159f_1.pklz,10,f6901861b4c165ea8ded6ca60cdc8c231d495403b83b5c12b5b1bb16ff6e2c8d
ba66bbc66ae87445817573cb8f80c1241d628bca004b7d7c7779125b1032159f_2.pklz,1,1f64f48102b92f7ce8727aea81f4ffad692205c32a4164a69c0a711c2019b104
ba66bbc66ae87445817573cb8f80c1241d628bca004b7d7c7779125b1032159f_2.pklz,1,c15488f52ca9121fa3923f34700dc399b37b97fb96bc1711dba9cae296f6d7aa
ba66bbc66ae87445817573cb8f80c1241d628bca004b7d7c7779125b1032159f_2.pklz,1,d168a7354790e5b8e8f472ab55185c404bb0c14109ca61a8c07be52a513d09f6
ba66bbc66ae87445817573cb8f80c1241d628bca004b7d7c7779125b1032159f_2.pklz,1,f6901861b4c165ea8ded6ca60cdc8c231d495403b83b5c12b5b1bb16ff6e2c8d
ba66bbc66ae87445817573cb8f80c1241d628bca004b7d7c7779125b1032159f_2.pklz,2,2405865449d078420a023c2a1141ea5b1e53eaefe38fb7dcd9dd222d01c23041
ba66bbc66ae87445817573cb8f80c1241d628bca004b7d7c7779125b1032159f_2.pklz,2,4514ce86d5b8f143b025d4e1dfbcc9ef1a972e40f979eb6a189ca225c2e80e68
ba66bbc66ae87445817573cb8f80c1241d628bca004b7d7c7779125b1032159f_2.pklz,2,8a210ad2b29f971317752fe7e6227b1ac434d42d524155eb531c20a0be75bc25
ba66bbc66ae87445817573cb8f80c1241d628bca004b7d7c7779125b1032159f_2.pklz,2,c15488f52ca9121fa3923f34700dc399b37b97fb96bc1711dba9cae296f6d7aa
ba66bbc66ae87445817573cb8f80c1241d628bca004b7d7c7779125b1032159f_2.pklz,2,f6901861b4c165ea8ded6ca60cdc8c231d495403b83b5c12b5b1bb16ff6e2c8d
ba66bbc66ae87445817573cb8f80c1241d628bca004b7d7c7779125b1032159f_2.pklz,3,093dc08b812390386d5d6d89d6b8014e1c0fcfdaf9128091a90b5ef5fd7b3797
ba66bbc66ae87445817573cb8f80c1241d628bca004b7d7c7779125b1032159f_2.pklz,3,8a210ad2b29f971317752fe7e6227b1ac434d42d524155eb531c20a0be75bc25
ba66bbc66ae87445817573cb8f80c1241d628bca004b7d7c7779125b1032159f_2.pklz,3,abdcbff6487d33281734fbf3a20d63ff6095c0404a4e727962153cf6156239a2
ba66bbc66ae87445817573cb8f80c1241d628bca004b7d7c7779125b1032159f_2.pklz,3,acaf3e5c057dac402e2f2bf6439e08e32c7e85950f0875dd623cfdae4f8ffc7b
ba66bbc66ae87445817573cb8f80c1241d628bca004b7d7c7779125b1032159f_2.pklz,4,2405865449d078420a023c2a1141ea5b1e53eaefe38fb7dcd9dd222d01c23041
ba66bbc66ae87445817573cb8f80c1241d628bca004b7d7c7779125b1032159f_2.pklz,5,d168a7354790e5b8e8f472ab55185c404bb0c14109ca61a8c07be52a513d09f6
ba66bbc66ae87445817573cb8f80c1241d628bca004b7d7c7779125b1032159f_2.pklz,5,f6901861b4c165ea8ded6ca60cdc8c231d495403b83b5c12b5b1bb16ff6e2c8d
ba66bbc66ae87445817573cb8f80c1241d628bca004b7d7c7779125b1032159f_2.pklz,6,c15488f52ca9121fa3923f34700dc399b37b97fb96bc1711dba9cae296f6d7aa
ba66bbc66ae87445817573cb8f80c1241d628bca004b7d7c7779125b1032159f_2.pklz,7,4514ce86d5b8f143b025d4e1dfbcc9ef1a972e40f979eb6a189ca225c2e80e68
ba66bbc66ae87445817573cb8f80c1241d628bca004b7d7c7779125b1032159f_2.pklz,7,8a210ad2b29f971317752fe7e6227b1ac434d42d524155eb531c20a0be75bc25
ba66bbc66ae87445817573cb8f80c1241d628bca004b7d7c7779125b1032159f_2.pklz,7,abdcbff6487d33281734fbf3a20d63ff6095c0404a4e727962153cf6156239a2
ba66bbc66ae87445817573cb8f80c1241d628bca004b7d7c7779125b1032159f_2.pklz,7,acaf3e5c057dac402e2f2bf6439e08e32c7e85950f0875dd623cfdae4f8ffc7b
ba66bbc66ae87445817573cb8f80c1241d628bca004b7d7c7779125b1032159f_2.pklz,7,d168a7354790e5b8e8f472ab55185c404bb0c14109ca61a8c07be52a513d09f6
ba66bbc66ae87445817573cb8f80c1241d628bca004b7d7c7779125b1032159f_2.pklz,8,093dc08b812390386d5d6d89d6b8014e1c0fcfdaf9128091a90b5ef5fd7b3797
ba66bbc66ae87445817573cb8f80c1241d628bca004b7d7c7779125b1032159f_2.pklz,8,1f64f48102b92f7ce8727aea81f4ffad692205c32a4164a69c0a711c2019b104
ba66bbc66ae87445817573cb8f80c1241d628bca004b7d7c7779125b1032159f_2.pklz,8,e4001ce3648dc8c65fb8b2f723f2a8df6d7a4ea1447eda2810cd7e140d5aa43c
ba66bbc66ae87445817573cb8f80c1241d628bca004b7d7c7779125b1032159f_2.pklz,8,ebddc6545e5237acd48f69b9045f012e770e9b623133e4fbfa16c0fe4fbda012
ba66bbc66ae87445817573cb8f80c1241d628bca004b7d7c7779125b1032159f_2.pklz,9,ebddc6545e5237acd48f69b9045f012e770e9b623133e4fbfa16c0fe4fbda012
ba66bbc66ae87445817573cb8f80c1241d628bca004b7d7c7779125b1032159f_2.pklz,10,8a210ad2b29f971317752fe7e6227b1ac434d42d524155eb531c20a0be75bc25
ba66bbc66ae87445817573cb8f80c1241d628bca004b7d7c7779125b1032159f_2.pklz,10,d168a7354790e5b8e8f472ab55185c404bb0c14109ca61a8c07be52a513d09f6
ba66bbc66ae87445817573cb8f80c1241d628bca004b7d7c7779125b1032159f_2.pklz,10,f6901861b4c165ea8ded6ca60cdc8c231d495403b83b5c12b5b1bb16ff6e2c8d
ba66bbc66ae87445817573cb8f80c1241d628bca004b7d7c7779125b1032159f_3.pklz,1,09d66c60e317be46448f8a1deca8aaa4393ce92f8fc41bbb5eecb8f940d9466e
ba66bbc66ae87445817573cb8f80c1241d628bca004b7d7c7779125b1032159f_3.pklz,1,2405865449d078420a023c2a1141ea5b1e53eaefe38fb7dcd9dd222d01c23041
ba66bbc66ae87445817573cb8f80c1241d628bca004b7d7c7779125b1032159f_3.pklz,1,4514ce86d5b8f143b025d4e1dfbcc9ef1a972e40f979eb6a189ca225c2e80e68
ba66bbc66ae87445817573cb8f80c1241d628bca004b7d7c7779125b1032159f_3.pklz,1,8a210ad2b29f971317752fe7e6227b1ac434d42d524155eb531c20a0be75bc25
ba66bbc66ae87445817573cb8f80c1241d628bca004b7d7c7779125b1032159f_3.pklz,2,093dc08b812390386d5d6d89d6b8014e1c0fcfdaf9128091a90b5ef5fd7b3797
ba66bbc66ae87445817573cb8f80c1241d628bca004b7d7c7779125b1032159f_3.pklz,2,c15488f52ca9121fa3923f34700dc399b37b97fb96bc1711dba9cae296f6d7aa
ba66bbc66ae87445817573cb8f80c1241d628bca004b7d7c7779125b1032159f_3.pklz,2,e4001ce3648dc8c65fb8b2f723f2a8df6d7a4ea1447eda2810cd7e140d5aa43c
ba66bbc66ae87445817573cb8f80c1241d628bca004b7d7c7779125b1032159f_3.pklz,3,8a210ad2b29f971317752fe7e6227b1ac434d42d524155eb531c20a0be75bc25
ba66bbc66ae87445817573cb8f80c1241d628bca004b7d7c7779125b1032159f_3.pklz,3,abdcbff6487d33281734fbf3a20d63ff6095c0404a4e727962153cf6156239a2
ba66bbc66ae87445817573cb8f80c1241d628bca004b7d7c7779125b1032159f_3.pklz,3,d168a7354790e5b8e8f472ab55185c404bb0c14109ca61a8c07be52a513d09f6
ba66bbc66ae87445817573cb8f80c1241d628bca004b7d7c7779125b1032159f_3.pklz,4,09d66c60e317be46448f8a1deca8aaa4393ce92f8fc41bbb5eecb8f940d9466e
ba66bbc66ae87445817573cb8f80c1241d628bca004b7d7c7779125b1032159f_3.pklz,4,acaf3e5c057dac402e2f2bf6439e08e32c7e85950f0875dd623cfdae4f8ffc7b
ba66bbc66ae87445817573cb8f80c1241d628bca004b7d7c7779125b1032159f_3.pklz,4,d168a7354790e5b8e8f472ab55185c404bb0c14109ca61a8c07be52a513d09f6
ba66bbc66ae87445817573cb8f80c1241d628bca004b7d7c7779125b1032159f_3.pklz,4,ebddc6545e5237acd48f69b9045f012e770e9b623133e4fbfa16c0fe4fbda012
ba66bbc66ae87445817573cb8f80c1241d628bca004b7d7c7779125b1032159f_3.pklz,5,acaf3e5c057dac402e2f2bf6439e08e32c7e85950f0875dd623cfdae4f8ffc7b
ba66bbc66ae87445817573cb8f80c1241d628bca004b7d7c7779125b1032159f_3.pklz,5,c15488f52ca9121fa3923f34700dc399b37b97fb96bc1711dba9cae296f6d7aa
ba66bbc66ae87445817573cb8f80c1241d628bca004b7d7c7779125b1032159f_3.pklz,5,e4001ce3648dc8c65fb8b2f723f2a8df6d7a4ea1447eda2810cd7e140d5aa43c
ba66bbc66ae87445817573cb8f80c1241d628bca004b7d7c7779125b1032159f_3.pklz,5,f6901861b4c165ea8ded6ca60cdc8c231d495403b83b5c12b5b1bb16ff6e2c8d
ba66bbc66ae87445817573cb8f80c1241d628bca004b7d7c7779125b1032159f_3.pklz,6,093dc08b812390386d5d6d89d6b8014e1c0fcfdaf9128091a90b5ef5fd7b3797
ba66bbc66ae87445817573cb8f80c1241d628bca004b7d7c7779125b1032159f_3.pklz,6,1f64f48102b92f7ce8727aea81f4ffad692205c32a4164a69c0a711c2019b104
ba66bbc66ae87445817573cb8f80c1241d628bca004b7d7c7779125b1032159f_3.pklz,6,d168a7354790e5b8e8f472ab55185c404bb0c14109ca61a8c07be52a513d09f6
ba66bbc66ae87445817573cb8f80c1241d628bca004b7d7c7779125b1032159f_3.pklz,6,e4001ce3648dc8c65fb8b2f723f2a8df6d7a4ea1447eda2810cd7e140d5aa43c
ba66bbc66ae87445817573cb8f80c1241d628bca004b7d7c7779125b1032159f_3.pklz,7,d168a7354790e5b8e8f472ab55185c404bb0c14109ca61a8c07be52a513d09f6
ba66bbc66ae87445817573cb8f80c1241d628bca004b7d7c7779125b1032159f_3.pklz,8,8a210ad2b29f971317752fe7e6227b1ac434d42d524155eb531c20a0be75bc25
ba66bbc66ae87445817573cb8f80c1241d628bca004b7d7c7779125b1032159f_3.pklz,8,abdcbff6487d33281734fbf3a20d63ff6095c0404a4e727962153cf6156239a2
ba66bbc66ae87445817573cb8f80c1241d628bca004b7d7c7779125b1032159f_3.pklz,9,1f64f48102b92f7ce8727aea81f4ffad692205c32a4164a69c0a711c2019b104
ba66bbc66ae87445817573cb8f80c1241d628bca004b7d7c7779125b1032159f_3.pklz,9,8a210ad2b29f971317752fe7e6227b1ac434d42d524155eb531c20a0be75bc25
ba66bbc66ae87445817573cb8f80c1241d628bca004b7d7c7779125b1032159f_3.pklz,9,ebddc6545e5237acd48f69b9045f012e770e9b623133e4fbfa16c0fe4fbda012
ba66bbc66ae87445817573cb8f80c1241d628bca004b7d7c7779125b1032159f_3.pklz,10,2405865449d078420a023c2a1141ea5b1e53eaefe38fb7dcd9dd222d01c23041
ba66bbc66ae87445817573cb8f80c1241d628bca004b7d7c7779125b1032159f_3.pklz,10,c15488f52ca9121fa3923f34700dc399b37b97fb96bc1711dba9cae296f6d7aa
ba66bbc66ae87445817573cb8f80c1241d628bca004b7d7c7779125b1032159f_3.pklz,10,d168a7354790e5b8e8f472ab55185c404bb0c14109ca61a8c07be52a513d09f6
db9749285c0b123526ce574edfad0bc8a58374e58498bb33c4df4e387cf0827d_1.pklz,1,abdcbff6487d33281734fbf3a20d63ff6095c0404a4e727962153cf6156239a2
db9749285c0b123526ce574edfad0bc8a58374e58498bb33c4df4e387cf0827d_1.pklz,1,d168a7354790e5b8e8f472ab55185c404bb0c14109ca61a8c07be52a513d09f6
db9749285c0b123526ce574edfad0bc8a58374e58498bb33c4df4e387cf0827d_1.pklz,2,acaf3e5c057dac402e2f2bf6439e08e32c7e85950f0875dd623cfdae4f8ffc7b
db9749285c0b123526ce574edfad0bc8a58374e58498bb33c4df4e387cf0827d_1.pklz,3,2405865449d078420a023c2a1141ea5b1e53eaefe38fb7dcd9dd222d01c23041
db9749285c0b123526ce574edfad0bc8a58374e58498bb33c4df4e387cf0827d_1.pklz,5,1f64f48102b92f7ce8727aea81f4ffad692205c32a4164a69c0a711c2019b104
db9749285c0b123526ce574edfad0bc8a58374e58498bb33c4df4e387cf0827d_1.pklz,6,09d66c60e317be46448f8a1deca8aaa4393ce92f8fc41bbb5eecb8f940d9466e
db9749285c0b123526ce574edfad0bc8a58374e58498bb33c4df4e387cf0827d_1.pklz,7,d168a7354790e5b8e8f472ab55185c404bb0c14109ca61a8c07be52a513d09f6
db9749285c0b123526ce574edfad0bc8a58374e58498bb33c4df4e387cf0827d_1.pklz,8,1f64f48102b92f7ce8727aea81f4ffad692205c32a4164a69c0a711c2019b104
db9749285c0b123526ce574edfad0bc8a58374e58498bb33c4df4e387cf0827d_1.pklz,8,acaf3e5c057dac402e2f2bf6439e08e32c7e85950f0875dd623cfdae4f8ffc7b
db9749285c0b123526ce574edfad0bc8a58374e58498bb33c4df4e387cf0827d_1.pklz,9,abdcbff6487d33281734fbf3a20d63ff6095c0404a4e727962153cf6156239a2
db9749285c0b123526ce574edfad0bc8a58374e58498bb33c4df4e387cf0827d_1.pklz,10,09d66c60e317be46448f8a1deca8aaa4393ce92f8fc41bbb5eecb8f940d9466e
db9749285c0b123526ce574edfad0bc8a58374e58498bb33c4df4e387cf0827d_1.pklz,10,2405865449d078420a023c2a1141ea5b1e53eaefe38fb7dcd9dd222d01c23041
db9749285c0b123526ce574edfad0bc8a58374e58498bb33c4df4e387cf0827d_2.pklz,1,acaf3e5c057dac402e2f2bf6439e08e32c7e85950f0875dd623cfdae4f8ffc7b
db9749285c0b123526ce574edfad0bc8a58374e58498bb33c4df4e387cf0827d_2.pklz,1,d168a7354790e5b8e8f472ab55185c404bb0c14109ca61a8c07be52a513d09f6
db9749285c0b123526ce574edfad0bc8a58374e58498bb33c4df4e387cf0827d_2.pklz,2,4514ce86d5b8f143b025d4e1dfbcc9ef1a972e40f979eb6a189ca225c2e80e68
db9749285c0b123526ce574edfad0bc8a58374e58498bb33c4df4e387cf0827d_2.pklz,3,09d66c60e317be46448f8a1deca8aaa4393ce92f8fc41bbb5eecb8f940d9466e
db9749285c0b123526ce574edfad0bc8a58374e58498bb33c4df4e387cf0827d_2.pklz,4,abdcbff6487d33281734fbf3a20d63ff6095c0404a4e727962153cf6156239a2
db9749285c0b123526ce574edfad0bc8a58374e58498bb33c4df4e387cf0827d_2.pklz,5,1f64f48102b92f7ce8727aea81f4ffad692205c32a4164a69c0a711c2019b104
db9749285c0b123526ce574edfad0bc8a58374e58498bb33c4df4e387cf0827d_2.pklz,5,d168a7354790e5b8e8f472ab55185c404bb0c14109ca61a8c07be52a513d09f6
db9749285c0b123526ce574edfad0bc8a58374e58498bb33c4df4e387cf0827d_2.pklz,6,09d66c60e317be46448f8a1deca8aaa4393ce92f8fc41bbb5eecb8f940d9466e
db9749285c0b123526ce574edfad0bc8a58374e58498bb33c4df4e387cf0827d_2.pklz,6,4514ce86d5b8f143b025d4e1dfbcc9ef1a972e40f979eb6a189ca225c2e80e68
db9749285c0b123526ce574edfad0bc8a58374e58498bb33c4df4e387cf0827d_2.pklz,7,093dc08b812390386d5d6d89d6b8014e1c0fcfdaf9128091a90b5ef5fd7b3797
db9749285c0b123526ce574edfad0bc8a58374e58498bb33c4df4e387cf0827d_2.pklz,8,2405865449d078420a023c2a1141ea5b1e53eaefe38fb7dcd9dd222d01c23041
db9749285c0b123526ce574edfad0bc8a58374e58498bb33c4df4e387cf0827d_2.pklz,8,acaf3e5c057dac402e2f2bf6439e08e32c7e85950f0875dd623cfdae4f8ffc7b
db9749285c0b123526ce574edfad0bc8a58374e58498bb33c4df4e387cf0827d_2.pklz,9,1f64f48102b92f7ce8727aea81f4ffad692205c32a4164a69c0a711c2019b104
db9749285c0b123526ce574edfad0bc8a58374e58498bb33c4df4e387cf0827d_2.pklz,9,abdcbff6487d33281734fbf3a20d63ff6095c0404a4e727962153cf6156239a2
db9749285c0b123526ce574edfad0bc8a58374e58498bb33c4df4e387cf0827d_2.pklz,10,093dc08b812390386d5d6d89d6b8014e1c0fcfdaf9128091a90b5ef5fd7b3797
db9749285c0b123526ce574edfad0bc8a58374e58498bb33c4df4e387cf0827d_2.pklz,10,2405865449d078420a023c2a1141ea5b1e53eaefe38fb7dcd9dd222d01c23041
f5f5e610b2072e9d38544029c644176a4361d14015dabfa84be929c03f3611e1_1.pklz,1,2405865449d078420a023c2a1141ea5b1e53eaefe38fb7dcd9dd222d01c23041
f5f5e610b2072e9d38544029c644176a4361d14015dabfa84be929c03f3611e1_1.pklz,1,4514ce86d5b8f143b025d4e1dfbcc9ef1a972e40f979eb6a189ca225c2e80e68
f5f5e610b2072e9d38544029c644176a4361d14015dabfa84be929c03f3611e1_1.pklz,2,1f64f48102b92f7ce8727aea81f4ffad692205c32a4164a69c0a711c2019b104
f5f5e610b2072e9d38544029c644176a4361d14015dabfa84be929c03f3611e1_1.pklz,2,acaf3e5c057dac402e2f2bf6439e08e32c7e85950f0875dd623cfdae4f8ffc7b
f5f5e610b2072e9d38544029c644176a4361d14015dabfa84be929c03f3611e1_1.pklz,3,09d66c60e317be46448f8a1deca8aaa4393ce92f8fc41bbb5eecb8f940d9466e
f5f5e610b2072e9d38544029c644176a4361d14015dabfa84be929c03f3611e1_1.pklz,3,abdcbff6487d33281734fbf3a20d63ff6095c0404a4e727962153cf6156239a2
f5f5e610b2072e9d38544029c644176a4361d14015dabfa84be929c03f3611e1_1.pklz,3,acaf3e5c057dac402e2f2bf6439e08e32c7e85950f0875dd623cfdae4f8ffc7b
f5f5e610b2072e9d38544029c644176a4361d14015dabfa84be929c03f3611e1_1.pklz,3,d168a7354790e5b8e8f472ab55185c404bb0c14109ca61a8c07be52a513d09f6
f5f5e610b2072e9d38544029c644176a4361d14015dabfa84be929c03f3611e1_1.pklz,4,093dc08b812390386d5d6d89d6b8014e1c0fcfdaf9128091a90b5ef5fd7b3797
f5f5e610b2072e9d38544029c644176a4361d14015dabfa84be929c03f3611e1_1.pklz,4,2405865449d078420a023c2a1141ea5b1e53eaefe38fb7dcd9dd222d01c23041
f5f5e610b2072e9d38544029c644176a4361d14015dabfa84be929c03f3611e1_1.pklz,4,abdcbff6487d33281734fbf3a20d63ff6095c0404a4e727962153cf6156239a2
f5f5e610b2072e9d38544029c644176a4361d14015dabfa84be929c03f3611e1_1.pklz,5,093dc08b812390386d5d6d89d6b8014e1c0fcfdaf9128091a90b5ef5fd7b3797
f5f5e610b2072e9d38544029c644176a4361d14015dabfa84be929c03f3611e1_1.pklz,5,1f64f48102b92f7ce8727aea81f4ffad692205c32a4164a69c0a711c2019b104
f5f5e610b2072e9d38544029c644176a4361d14015dabfa84be929c03f3611e1_1.pklz,5,d168a7354790e5b8e8f472ab55185c404bb0c14109ca61a8c07be52a513d09f6
f5f5e610b2072e9d38544029c644176a4361d14015dabfa84be929c03f3611e1_1.pklz,7,4514ce86d5b8f143b025d4e1dfbcc9ef1a972e40f979eb6a189ca225c2e80e68
f5f5e610b2072e9d38544029c644176a4361d14015dabfa84be929c03f3611e1_1.pklz,9,09d66c60e317be46448f8a1deca8aaa4393ce92f8fc41bbb5eecb8f940d9466e
f5f5e610b2072e9d38544029c644176a4361d14015dabfa84be929c03f3611e1_2.pklz,1,1f64f48102b92f7ce8727aea81f4ffad692205c32a4164a69c0a711c2019b104
f5f5e610b2072e9d38544029c644176a4361d14015dabfa84be929c03f3611e1_2.pklz,2,093dc08b812390386d5d6d89d6b8014e1c0fcfdaf9128091a90b5ef5fd7b3797
f5f5e610b2072e9d38544029c644176a4361d14015dabfa84be929c03f3611e1_2.pklz,2,09d66c60e317be46448f8a1deca8aaa4393ce92f8fc41bbb5eecb8f940d9466e
f5f5e610b2072e9d38544029c644176a4361d14015dabfa84be929c03f3611e1_2.pklz,2,2405865449d078420a023c2a1141ea5b1e53eaefe38fb7dcd9dd222d01c23041
f5f5e610b2072e9d38544029c644176a4361d14015dabfa84be929c03f3611e1_2.pklz,3,1f64f48102b92f7ce8727aea81f4ffad692205c32a4164a69c0a711c2019b104
f5f5e610b2072e9d38544029c644176a4361d14015dabfa84be929c03f3611e1_2.pklz,4,4514ce86d5b8f143b025d4e1dfbcc9ef1a972e40f979eb6a189ca225c2e80e68
f5f5e610b2072e9d38544029c644176a4361d14015dabfa84be929c03f3611e1_2.pklz,5,09d66c60e317be46448f8a1deca8aaa4393ce92f8fc41bbb5eecb8f940d9466e
f5f5e610b2072e9d38544029c644176a4361d14015dabfa84be929c03f3611e1_2.pklz,6,2405865449d078420a023c2a1141ea5b1e53eaefe38fb7dcd9dd222d01c23041
f5f5e610b2072e9d38544029c644176a4361d14015dabfa84be929c03f3611e1_2.pklz,6,abdcbff6487d33281734fbf3a20d63ff6095c0404a4e727962153cf6156239a2
f5f5e610b2072e9d38544029c644176a4361d14015dabfa84be929c03f3611e1_2.pklz,7,acaf3e5c057dac402e2f2bf6439e08e32c7e85950f0875dd623cfdae4f8ffc7b
f5f5e610b2072e9d38544029c644176a4361d14015dabfa84be929c03f3611e1_2.pklz,8,093dc08b812390386d5d6d89d6b8014e1c0fcfdaf9128091a90b5ef5fd7b3797
f5f5e610b2072e9d38544029c644176a4361d14015dabfa84be929c03f3611e1_2.pklz,8,acaf3e5c057dac402e2f2bf6439e08e32c7e85950f0875dd623cfdae4f8ffc7b
f5f5e610b2072e9d38544029c644176a4361d14015dabfa84be929c03f3611e1_2.pklz,9,abdcbff6487d33281734fbf3a20d63ff6095c0404a4e727962153cf6156239a2
f5f5e610b2072e9d38544029c644176a4361d14015dabfa84be929c03f3611e1_2.pklz,10,4514ce86d5b8f143b025d4e1dfbcc9ef1a972e40f979eb6a189ca225c2e80e68
feebb3be9da97a267d3ea0ea4c3fe0dd19375b9beb2339a0972dcf5b6bff74dd_1.pklz,1,4514ce86d5b8f143b025d4e1dfbcc9ef1a972e40f979eb6a189ca225c2e80e68
feebb3be9da97a267d3ea0ea4c3fe0dd19375b9beb2339a0972dcf5b6bff74dd_1.pklz,1,acaf3e5c057dac402e2f2bf6439e08e32c7e85950f0875dd623cfdae4f8ffc7b
feebb3be9da97a267d3ea0ea4c3fe0dd19375b9beb2339a0972dcf5b6bff74dd_1.pklz,2,2405865449d078420a023c2a1141ea5b1e53eaefe38fb7dcd9dd222d01c23041
feebb3be9da97a267d3ea0ea4c3fe0dd19375b9beb2339a0972dcf5b6bff74dd_1.pklz,2,d168a7354790e5b8e8f472ab55185c404bb0c14109ca61a8c07be52a513d09f6
feebb3be9da97a267d3ea0ea4c3fe0dd19375b9beb2339a0972dcf5b6bff74dd_1.pklz,3,093dc08b812390386d5d6d89d6b8014e1c0fcfdaf9128091a90b5ef5fd7b3797
feebb3be9da97a267d3ea0ea4c3fe0dd19375b9beb2339a0972dcf5b6bff74dd_1.pklz,3,acaf3e5c057dac402e2f2bf6439e08e32c7e85950f0875dd623cfdae4f8ffc7b
feebb3be9da97a267d3ea0ea4c3fe0dd19375b9beb2339a0972dcf5b6bff74dd_1.pklz,3,d168a7354790e5b8e8f472ab55185c404bb0c14109ca61a8c07be52a513d09f6
feebb3be9da97a267d3ea0ea4c3fe0dd19375b9beb2339a0972dcf5b6bff74dd_1.pklz,5,093dc08b812390386d5d6d89d6b8014e1c0fcfdaf9128091a90b5ef5fd7b3797
feebb3be9da97a267d3ea0ea4c3fe0dd19375b9beb2339a0972dcf5b6bff74dd_1.pklz,5,2405865449d078420a023c2a1141ea5b1e53eaefe38fb7dcd9dd222d01c23041
feebb3be9da97a267d3ea0ea4c3fe0dd19375b9beb2339a0972dcf5b6bff74dd_1.pklz,6,1f64f48102b92f7ce8727aea81f4ffad692205c32a4164a69c0a711c2019b104
feebb3be9da97a267d3ea0ea4c3fe0dd19375b9beb2339a0972dcf5b6bff74dd_1.pklz,7,09d66c60e317be46448f8a1deca8aaa4393ce92f8fc41bbb5eecb8f940d9466e
feebb3be9da97a267d3ea0ea4c3fe0dd19375b9beb2339a0972dcf5b6bff74dd_1.pklz,8,09d66c60e317be46448f8a1deca8aaa4393ce92f8fc41bbb5eecb8f940d9466e
feebb3be9da97a267d3ea0ea4c3fe0dd19375b9beb2339a0972dcf5b6bff74dd_1.pklz,9,1f64f48102b92f7ce8727aea81f4ffad692205c32a4164a69c0a711c2019b104
feebb3be9da97a267d3ea0ea4c3fe0dd19375b9beb2339a0972dcf5b6bff74dd_1.pklz,10,4514ce86d5b8f143b025d4e1dfbcc9ef1a972e40f979eb6a189ca225c2e80e68
feebb3be9da97a267d3ea0ea4c3fe0dd19375b9beb2339a0972dcf5b6bff74dd_2.pklz,1,093dc08b812390386d5d6d89d6b8014e1c0fcfdaf9128091a90b5ef5fd7b3797
feebb3be9da97a267d3ea0ea4c3fe0dd19375b9beb2339a0972dcf5b6bff74dd_2.pklz,2,09d66c60e317be46448f8a1deca8aaa4393ce92f8fc41bbb5eecb8f940d9466e
feebb3be9da97a267d3ea0ea4c3fe0dd19375b9beb2339a0972dcf5b6bff74dd_2.pklz,2,abdcbff6487d33281734fbf3a20d63ff6095c0404a4e727962153cf6156239a2
feebb3be9da97a267d3ea0ea4c3fe0dd19375b9beb2339a0972dcf5b6bff74dd_2.pklz,3,1f64f48102b92f7ce8727aea81f4ffad692205c32a4164a69c0a711c2019b104
feebb3be9da97a267d3ea0ea4c3fe0dd19375b9beb2339a0972dcf5b6bff74dd_2.pklz,3,2405865449d078420a023c2a1141ea5b1e53eaefe38fb7dcd9dd222d01c23041
feebb3be9da97a267d3ea0ea4c3fe0dd19375b9beb2339a0972dcf5b6bff74dd_2.pklz,4,09d66c60e317be46448f8a1deca8aaa4393ce92f8fc41bbb5eecb8f940d9466e
feebb3be9da97a267d3ea0ea4c3fe0dd19375b9beb2339a0972dcf5b6bff74dd_2.pklz,4,1f64f48102b92f7ce8727aea81f4ffad692205c32a4164a69c0a711c2019b104
feebb3be9da97a267d3ea0ea4c3fe0dd19375b9beb2339a0972dcf5b6bff74dd_2.pklz,4,d168a7354790e5b8e8f472ab55185c404bb0c14109ca61a8c07be52a513d09f6
feebb3be9da97a267d3ea0ea4c3fe0dd19375b9beb2339a0972dcf5b6bff74dd_2.pklz,5,abdcbff6487d33281734fbf3a20d63ff6095c0404a4e727962153cf6156239a2
feebb3be9da97a267d3ea0ea4c3fe0dd19375b9beb2339a0972dcf5b6bff74dd_2.pklz,7,4514ce86d5b8f143b025d4e1dfbcc9ef1a972e40f979eb6a189ca225c2e80e68
feebb3be9da97a267d3ea0ea4c3fe0dd19375b9beb2339a0972dcf5b6bff74dd_2.pklz,7,d168a7354790e5b8e8f472ab55185c404bb0c14109ca61a8c07be52a513d09f6
feebb3be9da97a267d3ea0ea4c3fe0dd19375b9beb2339a0972dcf5b6bff74dd_2.pklz,8,4514ce86d5b8f143b025d4e1dfbcc9ef1a972e40f979eb6a189ca225c2e80e68
feebb3be9da97a267d3ea0ea4c3fe0dd19375b9beb2339a0972dcf5b6bff74dd_2.pklz,8,acaf3e5c057dac402e2f2bf6439e08e32c7e85950f0875dd623cfdae4f8ffc7b
feebb3be9da97a267d3ea0ea4c3fe0dd19375b9beb2339a0972dcf5b6bff74dd_2.pklz,9,093dc08b812390386d5d6d89d6b8014e1c0fcfdaf9128091a90b5ef5fd7b3797
feebb3be9da97a267d3ea0ea4c3fe0dd19375b9beb2339a0972dcf5b6bff74dd_2.pklz,9,2405865449d078420a023c2a1141ea5b1e53eaefe38fb7dcd9dd222d01c23041
feebb3be9da97a267d3ea0ea4c3fe0dd19375b9beb2339a0972dcf5b6bff74dd_2.pklz,10,acaf3e5c057dac402e2f2bf6439e08e32c7e85950f0875dd623cfdae4f8ffc7b
ffe0e3e23bbcfdae917fa9892b8bf0b8db4a7df3f19197f2c0ee69484345cb61_1.pklz,1,09d66c60e317be46448f8a1deca8aaa4393ce92f8fc41bbb5eecb8f940d9466e
ffe0e3e23bbcfdae917fa9892b8bf0b8db4a7df3f19197f2c0ee69484345cb61_1.pklz,1,1f64f48102b92f7ce8727aea81f4ffad692205c32a4164a69c0a711c2019b104
ffe0e3e23bbcfdae917fa9892b8bf0b8db4a7df3f19197f2c0ee69484345cb61_1.pklz,1,c15488f52ca9121fa3923f34700dc399b37b97fb96bc1711dba9cae296f6d7aa
ffe0e3e23bbcfdae917fa9892b8bf0b8db4a7df3f19197f2c0ee69484345cb61_1.pklz,1,d168a7354790e5b8e8f472ab55185c404bb0c14109ca61a8c07be52a513d09f6
ffe0e3e23bbcfdae917fa9892b8bf0b8db4a7df3f19197f2c0ee69484345cb61_1.pklz,2,8a210ad2b29f971317752fe7e6227b1ac434d42d524155eb531c20a0be75bc25
ffe0e3e23bbcfdae917fa9892b8bf0b8db4a7df3f19197f2c0ee69484345cb61_1.pklz,2,d168a7354790e5b8e8f472ab55185c404bb0c14109ca61a8c07be52a513d09f6
ffe0e3e23bbcfdae917fa9892b8bf0b8db4a7df3f19197f2c0ee69484345cb61_1.pklz,3,093dc08b812390386d5d6d89d6b8014e1c0fcfdaf9128091a90b5ef5fd7b3797
ffe0e3e23bbcfdae917fa9892b8bf0b8db4a7df3f19197f2c0ee69484345cb61_1.pklz,3,4514ce86d5b8f143b025d4e1dfbcc9ef1a972e40f979eb6a189ca225c2e80e68
ffe0e3e23bbcfdae917fa9892b8bf0b8db4a7df3f19197f2c0ee69484345cb61_1.pklz,3,abdcbff6487d33281734fbf3a20d63ff6095c0404a4e727962153cf6156239a2
ffe0e3e23bbcfdae917fa9892b8bf0b8db4a7df3f19197f2c0ee69484345cb61_1.pklz,3,c15488f52ca9121fa3923f34700dc399b37b97fb96bc1711dba9cae296f6d7aa
ffe0e3e23bbcfdae917fa9892b8bf0b8db4a7df3f19197f2c0ee69484345cb61_1.pklz,3,e4001ce3648dc8c65fb8b2f723f2a8df6d7a4ea1447eda2810cd7e140d5aa43c
ffe0e3e23bbcfdae917fa9892b8bf0b8db4a7df3f19197f2c0ee69484345cb61_1.pklz,3,f6901861b4c165ea8ded6ca60cdc8c231d495403b83b5c12b5b1bb16ff6e2c8d
ffe0e3e23bbcfdae917fa9892b8bf0b8db4a7df3f19197f2c0ee69484345cb61_1.pklz,4,09d66c60e317be46448f8a1deca8aaa4393ce92f8fc41bbb5eecb8f940d9466e
ffe0e3e23bbcfdae917fa9892b8bf0b8db4a7df3f19197f2c0ee69484345cb61_1.pklz,4,e4001ce3648dc8c65fb8b2f723f2a8df6d7a4ea1447eda2810cd7e140d5aa43c
ffe0e3e23bbcfdae917fa9892b8bf0b8db4a7df3f19197f2c0ee69484345cb61_1.pklz,5,2405865449d078420a023c2a1141ea5b1e53eaefe38fb7dcd9dd222d01c23041
ffe0e3e23bbcfdae917fa9892b8bf0b8db4a7df3f19197f2c0ee69484345cb61_1.pklz,5,4514ce86d5b8f143b025d4e1dfbcc9ef1a972e40f979eb6a189ca225c2e80e68
ffe0e3e23bbcfdae917fa9892b8bf0b8db4a7df3f19197f2c0ee69484345cb61_1.pklz,5,8a210ad2b29f971317752fe7e6227b1ac434d42d524155eb531c20a0be75bc25
ffe0e3e23bbcfdae917fa9892b8bf0b8db4a7df3f19197f2c0ee69484345cb61_1.pklz,5,f6901861b4c165ea8ded6ca60cdc8c231d495403b83b5c12b5b1bb16ff6e2c8d
ffe0e3e23bbcfdae917fa9892b8bf0b8db4a7df3f19197f2c0ee69484345cb61_1.pklz,6,8a210ad2b29f971317752fe7e6227b1ac434d42d524155eb531c20a0be75bc25
ffe0e3e23bbcfdae917fa9892b8bf0b8db4a7df3f19197f2c0ee69484345cb61_1.pklz,6,e4001ce3648dc8c65fb8b2f723f2a8df6d7a4ea1447eda2810cd7e140d5aa43c
ffe0e3e23bbcfdae917fa9892b8bf0b8db4a7df3f19197f2c0ee69484345cb61_1.pklz,7,8a210ad2b29f971317752fe7e6227b1ac434d42d524155eb531c20a0be75bc25
ffe0e3e23bbcfdae917fa9892b8bf0b8db4a7df3f19197f2c0ee69484345cb61_1.pklz,7,abdcbff6487d33281734fbf3a20d63ff6095c0404a4e727962153cf6156239a2
ffe0e3e23bbcfdae917fa9892b8bf0b8db4a7df3f19197f2c0ee69484345cb61_1.pklz,7,acaf3e5c057dac402e2f2bf6439e08e32c7e85950f0875dd623cfdae4f8ffc7b
ffe0e3e23bbcfdae917fa9892b8bf0b8db4a7df3f19197f2c0ee69484345cb61_1.pklz,7,ebddc6545e5237acd48f69b9045f012e770e9b623133e4fbfa16c0fe4fbda012
ffe0e3e23bbcfdae917fa9892b8bf0b8db4a7df3f19197f2c0ee69484345cb61_1.pklz,8,2405865449d078420a023c2a1141ea5b1e53eaefe38fb7dcd9dd222d01c23041
ffe0e3e23bbcfdae917fa9892b8bf0b8db4a7df3f19197f2c0ee69484345cb61_1.pklz,8,4514ce86d5b8f143b025d4e1dfbcc9ef1a972e40f979eb6a189ca225c2e80e68
ffe0e3e23bbcfdae917fa9892b8bf0b8db4a7df3f19197f2c0ee69484345cb61_1.pklz,8,c15488f52ca9121fa3923f34700dc399b37b97fb96bc1711dba9cae296f6d7aa
ffe0e3e23bbcfdae917fa9892b8bf0b8db4a7df3f19197f2c0ee69484345cb61_1.pklz,8,d168a7354790e5b8e8f472ab55185c404bb0c14109ca61a8c07be52a513d09f6
ffe0e3e23bbcfdae917fa9892b8bf0b8db4a7df3f19197f2c0ee69484345cb61_1.pklz,9,093dc08b812390386d5d6d89d6b8014e1c0fcfdaf9128091a90b5ef5fd7b3797
ffe0e3e23bbcfdae917fa9892b8bf0b8db4a7df3f19197f2c0ee69484345cb61_1.pklz,9,4514ce86d5b8f143b025d4e1dfbcc9ef1a972e40f979eb6a189ca225c2e80e68
ffe0e3e23bbcfdae917fa9892b8bf0b8db4a7df3f19197f2c0ee69484345cb61_1.pklz,9,d168a7354790e5b8e8f472ab55185c404bb0c14109ca61a8c07be52a513d09f6
ffe0e3e23bbcfdae917fa9892b8bf0b8db4a7df3f19197f2c0ee69484345cb61_1.pklz,9,ebddc6545e5237acd48f69b9045f012e770e9b623133e4fbfa16c0fe4fbda012
ffe0e3e23bbcfdae917fa9892b8bf0b8db4a7df3f19197f2c0ee69484345cb61_1.pklz,10,1f64f48102b92f7ce8727aea81f4ffad692205c32a4164a69c0a711c2019b104
ffe0e3e23bbcfdae917fa9892b8bf0b8db4a7df3f19197f2c0ee69484345cb61_1.pklz,10,8a210ad2b29f971317752fe7e6227b1ac434d42d524155eb531c20a0be75bc25
ffe0e3e23bbcfdae917fa9892b8bf0b8db4a7df3f19197f2c0ee69484345cb61_1.pklz,10,acaf3e5c057dac402e2f2bf6439e08e32c7e85950f0875dd623cfdae4f8ffc7b
ffe0e3e23bbcfdae917fa9892b8bf0b8db4a7df3f19197f2c0ee69484345cb61_2.pklz,1,2405865449d078420a023c2a1141ea5b1e53eaefe38fb7dcd9dd222d01c23041
ffe0e3e23bbcfdae917fa9892b8bf0b8db4a7df3f19197f2c0ee69484345cb61_2.pklz,1,8a210ad2b29f971317752fe7e6227b1ac434d42d524155eb531c20a0be75bc25
ffe0e3e23bbcfdae917fa9892b8bf0b8db4a7df3f19197f2c0ee69484345cb61_2.pklz,1,abdcbff6487d33281734fbf3a20d63ff6095c0404a4e727962153cf6156239a2
ffe0e3e23bbcfdae917fa9892b8bf0b8db4a7df3f19197f2c0ee69484345cb61_2.pklz,1,acaf3e5c057dac402e2f2bf6439e08e32c7e85950f0875dd623cfdae4f8ffc7b
ffe0e3e23bbcfdae917fa9892b8bf0b8db4a7df3f19197f2c0ee69484345cb61_2.pklz,1,ebddc6545e5237acd48f69b9045f012e770e9b623133e4fbfa16c0fe4fbda012
ffe0e3e23bbcfdae917fa9892b8bf0b8db4a7df3f19197f2c0ee69484345cb61_2.pklz,2,1f64f48102b92f7ce8727aea81f4ffad692205c32a4164a69c0a711c2019b104
ffe0e3e23bbcfdae917fa9892b8bf0b8db4a7df3f19197f2c0ee69484345cb61_2.pklz,2,d168a7354790e5b8e8f472ab55185c404bb0c14109ca61a8c07be52a513d09f6
ffe0e3e23bbcfdae917fa9892b8bf0b8db4a7df3f19197f2c0ee69484345cb61_2.pklz,2,e4001ce3648dc8c65fb8b2f723f2a8df6d7a4ea1447eda2810cd7e140d5aa43c
ffe0e3e23bbcfdae917fa9892b8bf0b8db4a7df3f19197f2c0ee69484345cb61_2.pklz,2,ebddc6545e5237acd48f69b9045f012e770e9b623133e4fbfa16c0fe4fbda012
ffe0e3e23bbcfdae917fa9892b8bf0b8db4a7df3f19197f2c0ee69484345cb61_2.pklz,3,4514ce86d5b8f143b025d4e1dfbcc9ef1a972e40f979eb6a189ca225c2e80e68
ffe0e3e23bbcfdae917fa9892b8bf0b8db4a7df3f19197f2c0ee69484345cb61_2.pklz,3,8a210ad2b29f971317752fe7e6227b1ac434d42d524155eb531c20a0be75bc25
ffe0e3e23bbcfdae917fa9892b8bf0b8db4a7df3f19197f2c0ee69484345cb61_2.pklz,4,093dc08b812390386d5d6d89d6b8014e1c0fcfdaf9128091a90b5ef5fd7b3797
ffe0e3e23bbcfdae917fa9892b8bf0b8db4a7df3f19197f2c0ee69484345cb61_2.pklz,4,09d66c60e317be46448f8a1deca8aaa4393ce92f8fc41bbb5eecb8f940d9466e
ffe0e3e23bbcfdae917fa9892b8bf0b8db4a7df3f19197f2c0ee69484345cb61_2.pklz,4,1f64f48102b92f7ce8727aea81f4ffad692205c32a4164a69c0a711c2019b104
ffe0e3e23bbcfdae917fa9892b8bf0b8db4a7df3f19197f2c0ee69484345cb61_2.pklz,4,c15488f52ca9121fa3923f34700dc399b37b97fb96bc1711dba9cae296f6d7aa
ffe0e3e23bbcfdae917fa9892b8bf0b8db4a7df3f19197f2c0ee69484345cb61_2.pklz,5,093dc08b812390386d5d6d89d6b8014e1c0fcfdaf9128091a90b5ef5fd7b3797
ffe0e3e23bbcfdae917fa9892b8bf0b8db4a7df3f19197f2c0ee69484345cb61_2.pklz,5,4514ce86d5b8f143b025d4e1dfbcc9ef1a972e40f979eb6a189ca225c2e80e68
ffe0e3e23bbcfdae917fa9892b8bf0b8db4a7df3f19197f2c0ee69484345cb61_2.pklz,5,8a210ad2b29f971317752fe7e6227b1ac434d42d524155eb531c20a0be75bc25
ffe0e3e23bbcfdae917fa9892b8bf0b8db4a7df3f19197f2c0ee69484345cb61_2.pklz,5,abdcbff6487d33281734fbf3a20d63ff6095c0404a4e727962153cf6156239a2
ffe0e3e23bbcfdae917fa9892b8bf0b8db4a7df3f19197f2c0ee69484345cb61_2.pklz,5,e4001ce3648dc8c65fb8b2f723f2a8df6d7a4ea1447eda2810cd7e140d5aa43c
ffe0e3e23bbcfdae917fa9892b8bf0b8db4a7df3f19197f2c0ee69484345cb61_2.pklz,5,f6901861b4c165ea8ded6ca60cdc8c231d495403b83b5c12b5b1bb16ff6e2c8d
ffe0e3e23bbcfdae917fa9892b8bf0b8db4a7df3f19197f2c0ee69484345cb61_2.pklz,6,c15488f52ca9121fa3923f34700dc399b37b97fb96bc1711dba9cae296f6d7aa
ffe0e3e23bbcfdae917fa9892b8bf0b8db4a7df3f19197f2c0ee69484345cb61_2.pklz,6,ebddc6545e5237acd48f69b9045f012e770e9b623133e4fbfa16c0fe4fbda012
ffe0e3e23bbcfdae917fa9892b8bf0b8db4a7df3f19197f2c0ee69484345cb61_2.pklz,7,09d66c60e317be46448f8a1deca8aaa4393ce92f8fc41bbb5eecb8f940d9466e
ffe0e3e23bbcfdae917fa9892b8bf0b8db4a7df3f19197f2c0ee69484345cb61_2.pklz,7,2405865449d078420a023c2a1141ea5b1e53eaefe38fb7dcd9dd222d01c23041
ffe0e3e23bbcfdae917fa9892b8bf0b8db4a7df3f19197f2c0ee69484345cb61_2.pklz,7,8a210ad2b29f971317752fe7e6227b1ac434d42d524155eb531c20a0be75bc25
ffe0e3e23bbcfdae917fa9892b8bf0b8db4a7df3f19197f2c0ee69484345cb61_2.pklz,8,c15488f52ca9121fa3923f34700dc399b37b97fb96bc1711dba9cae296f6d7aa
ffe0e3e23bbcfdae917fa9892b8bf0b8db4a7df3f19197f2c0ee69484345cb61_2.pklz,8,d168a7354790e5b8e8f472ab55185c404bb0c14109ca61a8c07be52a513d09f6
ffe0e3e23bbcfdae917fa9892b8bf0b8db4a7df3f19197f2c0ee69484345cb61_2.pklz,8,e4001ce3648dc8c65fb8b2f723f2a8df6d7a4ea1447eda2810cd7e140d5aa43c
ffe0e3e23bbcfdae917fa9892b8bf0b8db4a7df3f19197f2c0ee69484345cb61_2.pklz,9,8a210ad2b29f971317752fe7e6227b1ac434d42d524155eb531c20a0be75bc25
ffe0e3e23bbcfdae917fa9892b8bf0b8db4a7df3f19197f2c0ee69484345cb61_2.pklz,9,acaf3e5c057dac402e2f2bf6439e08e32c7e85950f0875dd623cfdae4f8ffc7b
ffe0e3e23bbcfdae917fa9892b8bf0b8db4a7df3f19197f2c0ee69484345cb61_2.pklz,9,d168a7354790e5b8e8f472ab55185c404bb0c14109ca61a8c07be52a513d09f6
ffe0e3e23bbcfdae917fa9892b8bf0b8db4a7df3f19197f2c0ee69484345cb61_2.pklz,9,ebddc6545e5237acd48f69b9045f012e770e9b623133e4fbfa16c0fe4fbda012
ffe0e3e23bbcfdae917fa9892b8bf0b8db4a7df3f19197f2c0ee69484345cb61_2.pklz,9,f6901861b4c165ea8ded6ca60cdc8c231d495403b83b5c12b5b1bb16ff6e2c8d
ffe0e3e23bbcfdae917fa9892b8bf0b8db4a7df3f19197f2c0ee69484345cb61_2.pklz,10,d168a7354790e5b8e8f472ab55185c404bb0c14109ca61a8c07be52a513d09f6
ffe0e3e23bbcfdae917fa9892b8bf0b8db4a7df3f19197f2c0ee69484345cb61_3.pklz,1,093dc08b812390386d5d6d89d6b8014e1c0fcfdaf9128091a90b5ef5fd7b3797
ffe0e3e23bbcfdae917fa9892b8bf0b8db4a7df3f19197f2c0ee69484345cb61_3.pklz,1,4514ce86d5b8f143b025d4e1dfbcc9ef1a972e40f979eb6a189ca225c2e80e68
ffe0e3e23bbcfdae917fa9892b8bf0b8db4a7df3f19197f2c0ee69484345cb61_3.pklz,1,8a210ad2b29f971317752fe7e6227b1ac434d42d524155eb531c20a0be75bc25
ffe0e3e23bbcfdae917fa9892b8bf0b8db4a7df3f19197f2c0ee69484345cb61_3.pklz,1,c15488f52ca9121fa3923f34700dc399b37b97fb96bc1711dba9cae296f6d7aa
ffe0e3e23bbcfdae917fa9892b8bf0b8db4a7df3f19197f2c0ee69484345cb61_3.pklz,1,d168a7354790e5b8e8f472ab55185c404bb0c14109ca61a8c07be52a513d09f6
ffe0e3e23bbcfdae917fa9892b8bf0b8db4a7df3f19197f2c0ee69484345cb61_3.pklz,2,4514ce86d5b8f143b025d4e1dfbcc9ef1a972e40f979eb6a189ca225c2e80e68
ffe0e3e23bbcfdae917fa9892b8bf0b8db4a7df3f19197f2c0ee69484345cb61_3.pklz,2,8a210ad2b29f971317752fe7e6227b1ac434d42d524155eb531c20a0be75bc25
ffe0e3e23bbcfdae917fa9892b8bf0b8db4a7df3f19197f2c0ee69484345cb61_3.pklz,2,acaf3e5c057dac402e2f2bf6439e08e32c7e85950f0875dd623cfdae4f8ffc7b
ffe0e3e23bbcfdae917fa9892b8bf0b8db4a7df3f19197f2c0ee69484345cb61_3.pklz,2,d168a7354790e5b8e8f472ab55185c404bb0c14109ca61a8c07be52a513d09f6
ffe0e3e23bbcfdae917fa9892b8bf0b8db4a7df3f19197f2c0ee69484345cb61_3.pklz,2,ebddc6545e5237acd48f69b9045f012e770e9b623133e4fbfa16c0fe4fbda012
ffe0e3e23bbcfdae917fa9892b8bf0b8db4a7df3f19197f2c0ee69484345cb61_3.pklz,3,09d66c60e317be46448f8a1deca8aaa4393ce92f8fc41bbb5eecb8f940d9466e
ffe0e3e23bbcfdae917fa9892b8bf0b8db4a7df3f19197f2c0ee69484345cb61_3.pklz,3,d168a7354790e5b8e8f472ab55185c404bb0c14109ca61a8c07be52a513d09f6
ffe0e3e23bbcfdae917fa9892b8bf0b8db4a7df3f19197f2c0ee69484345cb61_3.pklz,4,09d66c60e317be46448f8a1deca8aaa4393ce92f8fc41bbb5eecb8f940d9466e
ffe0e3e23bbcfdae917fa9892b8bf0b8db4a7df3f19197f2c0ee69484345cb61_3.pklz,4,1f64f48102b92f7ce8727aea81f4ffad692205c32a4164a69c0a711c2019b104
ffe0e3e23bbcfdae917fa9892b8bf0b8db4a7df3f19197f2c0ee69484345cb61_3.pklz,4,acaf3e5c057dac402e2f2bf6439e08e32c7e85950f0875dd623cfdae4f8ffc7b
ffe0e3e23bbcfdae917fa9892b8bf0b8db4a7df3f19197f2c0ee69484345cb61_3.pklz,5,2405865449d078420a023c2a1141ea5b1e53eaefe38fb7dcd9dd222d01c23041
ffe0e3e23bbcfdae917fa9892b8bf0b8db4a7df3f19197f2c0ee69484345cb61_3.pklz,5,4514ce86d5b8f143b025d4e1dfbcc9ef1a972e40f979eb6a189ca225c2e80e68
ffe0e3e23bbcfdae917fa9892b8bf0b8db4a7df3f19197f2c0ee69484345cb61_3.pklz,5,8a210ad2b29f971317752fe7e6227b1ac434d42d524155eb531c20a0be75bc25
ffe0e3e23bbcfdae917fa9892b8bf0b8db4a7df3f19197f2c0ee69484345cb61_3.pklz,5,f6901861b4c165ea8ded6ca60cdc8c231d495403b83b5c12b5b1bb16ff6e2c8d
ffe0e3e23bbcfdae917fa9892b8bf0b8db4a7df3f19197f2c0ee69484345cb61_3.pklz,6,093dc08b812390386d5d6d89d6b8014e1c0fcfdaf9128091a90b5ef5fd7b3797
ffe0e3e23bbcfdae917fa9892b8bf0b8db4a7df3f19197f2c0ee69484345cb61_3.pklz,6,2405865449d078420a023c2a1141ea5b1e53eaefe38fb7dcd9dd222d01c23041
ffe0e3e23bbcfdae917fa9892b8bf0b8db4a7df3f19197f2c0ee69484345cb61_3.pklz,6,c15488f52ca9121fa3923f34700dc399b37b97fb96bc1711dba9cae296f6d7aa
ffe0e3e23bbcfdae917fa9892b8bf0b8db4a7df3f19197f2c0ee69484345cb61_3.pklz,6,d168a7354790e5b8e8f472ab55185c404bb0c14109ca61a8c07be52a513d09f6
ffe0e3e23bbcfdae917fa9892b8bf0b8db4a7df3f19197f2c0ee69484345cb61_3.pklz,7,8a210ad2b29f971317752fe7e6227b1ac434d42d524155eb531c20a0be75bc25
ffe0e3e23bbcfdae917fa9892b8bf0b8db4a7df3f19197f2c0ee69484345cb61_3.pklz,7,c15488f52ca9121fa3923f34700dc399b37b97fb96bc1711dba9cae296f6d7aa
ffe0e3e23bbcfdae917fa9892b8bf0b8db4a7df3f19197f2c0ee69484345cb61_3.pklz,7,d168a7354790e5b8e8f472ab55185c404bb0c14109ca61a8c07be52a513d09f6
ffe0e3e23bbcfdae917fa9892b8bf0b8db4a7df3f19197f2c0ee69484345cb61_3.pklz,8,e4001ce3648dc8c65fb8b2f723f2a8df6d7a4ea1447eda2810cd7e140d5aa43c
ffe0e3e23bbcfdae917fa9892b8bf0b8db4a7df3f19197f2c0ee69484345cb61_3.pklz,9,8a210ad2b29f971317752fe7e6227b1ac434d42d524155eb531c20a0be75bc25
ffe0e3e23bbcfdae917fa9892b8bf0b8db4a7df3f19197f2c0ee69484345cb61_3.pklz,9,ebddc6545e5237acd48f69b9045f012e770e9b623133e4fbfa16c0fe4fbda012
ffe0e3e23bbcfdae917fa9892b8bf0b8db4a7df3f19197f2c0ee69484345cb61_3.pklz,10,1f64f48102b92f7ce8727aea81f4ffad692205c32a4164a69c0a711c2019b104
ffe0e3e23bbcfdae917fa9892b8bf0b8db4a7df3f19197f2c0ee69484345cb61_3.pklz,10,d168a7354790e5b8e8f472ab55185c404bb0c14109ca61a8c07be52a513d09f6
ffe0e3e23bbcfdae917fa9892b8bf0b8db4a7df3f19197f2c0ee69484345cb61_3.pklz,10,f6901861b4c165ea8ded6ca60cdc8c231d495403b83b5c12b5b1bb16ff6e2c8d
